STT|Họ và tên|Học hàm; học vị|Đơn vị|Giảng dạy|Nghiên cứu|Khoá luận hướng dẫn
1|Bùi Ngọc Hải|ThS.|Phòng Thí nghiệm Hệ thống Nhúng|Cơ sở dữ liệu|Tối ưu hóa hệ thống nhúng; Công nghệ phần mềm nhúng; Phương pháp giảm điện năng tiêu thụ trên các bộ xử lý|
2|Bùi Ngọc Thăng|TS.|Bộ môn Khoa học Máy tính|"Cấu trúc dữ liệu và giải thuật;Lập trình nâng cao;Tin học cơ sở 4"|Học máy; tin sinh học|Classifier noun annotation in Vietnamese treebank_Dương Đức Nam_K56CA;Tự động nhận diện quan hệ bao thuộc của từ tiếng Việt_Đào Hoàng Thái Sơn_K56CLC
3|Bùi Quang Hưng|TS.|Bộ môn Các Hệ thống Thông tin|"Kho dữ liệu và tri thức kinh doanh;Quản lý dự án hệ thống thông tin;Các hệ thống thương mại điện tử;Quản lý dự án hệ thống thông tin"|Hạ tầng dữ liệu không gian; Hệ thống thông tin địa lý; Quản lý dữ liệu lớn; Khai phá dữ liệu|Sử dụng ảnh vệ tinh trong phát hiện và cảnh báo cháy rừng_Trần Nhật Hoàng_K55CB;Xây dựng hệ thống WebGIS quản lý và truy ấn thông tin ảnh MODIS AOT_Trịnh Tiến Dũng_K55CC;Nghiên cứu hệ quản trị CSM Posgre SQL trong việc …. Và trong ấn ảnh vệ tinh MODIS AOT và Land SAT8_Nguyễn Kim Hiệp_K55CC;Spatial data Infrastructure for LDCM (Landsat-8) Images: Server side_Vũ Ngọc Tùng_K55CC;Sử dụng ảnh vệ tinh trong giám sát tàu thuyền trên biển_Đỗ Khương Nhật Linh_K55T;Sử dụng ảnh vệ tinh trong giám sát tàu thuyền trên biển_Nguyễn Hồng Quân_K55T;Sử dụng ảnh vệ tinh trong phát hiện và cảnh báo cháy rừng_Đào Thái Sơn_K55T;Xây dựng hệ thống Web GIS quản lý thông tin tại các trạm quan trắc_ Nguyễn Đức Việt_K55T;Xây dựng hệ thống thông tin về các điểm nóng tai nạn giao thông toàn quốc  (phần client)_Trần Xuân Trường_K56CD;Xây dựng hệ thống thông tin nhà trọ (phần xây dựng bản đồ 3D)_Đàm Đức Nguyện_K56CC;Xây dựng hệ thống thông tin nhà trọ (phần server và database)_Phan Văn Thanh_K56CLC;Xây dựng hệ thống thông tin nhà trọ (phần client)_Đỗ Văn Tú_K56CLC;Xây dựng hệ thống thông tin về các điểm nóng tai nạn giao thông toàn quốc (phần server và database)_Phạm Tiến Thành_K56CD;Xây dựng hệ thống MSN (Multi wireless - sensor; Network) phục vụ công tác giám sát và quản lý môi trường thành phố Hà Nội (phần mềm chất lượng nước)_Phạm Hồng Phi_K57CD;Xây dựng hệ thống MSN (Multi wireless Sensor Network) phục vụ công tác giám sát và quản lý môi trường thành phố Hà Nội (phần chất lượng không khí)_Đào Huy Hoàng_K57T;Xây dựng hệ thống MSN (Multi wireless Sensor Network) phục vụ công tác giám sát và quản lý môi trường thành phố Hà Nội (phần chất lượng đất)_Lê Xuân Cần_K57T;Xây dựng hệ thống giám sát và cảnh báo chất lượng không khí trên Android_Vũ Ngọc Thanh_K57T;Xây dựng hệ thống MSN (M+G5ulti wireless Sensor Network) phục vụ công tác giám sát và quản lý môi trường thành phố Hà Nội (phần chất lượng không khí)_Phan Thị Tâm_K57T;Xây dựng hệ thống MSN (Multi wireless Sensor Network) phục vụ công tác giám sát và quản lý môi trường thành phố Hà Nội (Phần chất lượng không khí)_Nguyễn Thị Minh Chiên_K57T;Xây dựng hệ thống MSN (Multi wireless Sensor Network) phục vụ công tác giám sát và quản lý môi trường thành phố Hà Nội (phần chất lượng đất)_Phạm Văn Phi_K57T;Xây dựng hệ thống MSN (Multi wireless Sensor Network) phục vụ công tác giám sát và quản lý môi trường thành phố Hà Nội (phần chất lượng nước)_Nguyễn Đức Khôi_K57T;Mạng xã hội dựa trên khu vực cho khách du lịch (Hướng dẫn khách du lịch tham quan bảo tàng)_Đỗ Thanh Huyền_K57T
4|Dư Phương Hạnh|ThS.|Bộ môn Các Hệ thống Thông tin|"Cơ sở dữ liệu;Thực hành Phân tích thiết kế các hệ thống thông tin;Hệ quản trị cơ sở dữ liệu;Phân tích và thiết kế các hệ thống thông tin"|Quan lý dữ liệu không gian; Tối ưu hóa truy vấn; Cơ sở dữ liệu quy mô lớn|Nghiên cứu giải pháp phân mảnh và tổng hợp dữ liệu_Trịnh Hồng Khoa_K55CC;Lập trình game trên di động đập quái vật trong lỗ_Nguyễn Đức Tiến_K55CC;Tìm hiểu mô hình phân tán dữ liệu trong Mongo DB_Lê Trung Đức;Phát triển công cụ biên tập bản đồ trên nền Web_Trần Thị Hồng Diệu_K55CLC;Phát triển ứng dụng giám sát thông tin trên Internet_Dương Hồng Hạnh_K55CLC;Phát triển ứng dụng xác thực người dùng dịch vụ xe bus với thẻ  NFC - Phía Server_Nguyễn Văn Nội_K55CLC;Xây dựng ứng dụng quản lý bệnh nhân dựa trên công nghệ NFC_Hoàng Minh Phúc_K55CLC;Phát triển ứng dụng giám sát thông tin người dùng quan tâm trên Internet - Phía client_Nguyễn Thị Hương Quỳnh_K55CLC;Phát triển ứng dụng xác thực người dùng dịch vụ xe bus với thẻ  NFC - Phía Client_Quan Tuấn Vũ_K55CLC;Phát triển dịch vụ đánh giá trực tuyến người học trên nền web_Nguyễn Văn Cường_K57CLC
5|Dương Lê Minh|TS.|Bộ môn Truyền thông và Mạng máy tính|"Quản trị mạng;Dự án;Mạng thế hệ mới"|Mạng adhoc không dây; SIP - based VoIP; Internet of Things; mạng cảm biến; ứng dụng di động cloud; các hệ thống ảo hóa|Nghiên cứu công nghệ wifi nano và ứng dụng_Trần Quang Vĩnh_K55CD;Cải thiện cơ chế MULTIHOMING  của giao thức SCTP trong mạng MANET_Nguyễn Ngọc Khánh_K55CC;Xây dựng ứng dụng VOIP miến phí tận dụng hạ tầng mạng sẵn có trong doanh nghiệp_Đặng Thế Ninh_K55CD;Ứng Dụng công nghệ cảm biến để xây dựng hệ thống cảnh báo tắc đường_Đỗ Văn Phú_K55CD;Tìm hiểu NoSQL; áp dụng xử lý một số bài toán có dữ liệu lớn_Vũ Thái Dương_K55CLC;Xây dựng giải pháp tổng đài hiệu quả cho doanh nghiệp vừa và nhỏ_Nguyễn Văn Hiệp_K55CLC;Application using websocket_Ngô Minh Sơn_K56CA;Hệ thống quản lý thiết bị từ xa đa nền tảng_Trần Văn Hưng_K56CLC;Truyền dữ liệu multicast tin cậy trong mạng không dây_Nguyễn Đình Phi_K56CLC;Xây dựng web tổng hợp video cho người dùng_Phí Bá Chiến_K56CB;Ứng dụng mô hình MBAS để xây dựng ứng dụng trên mobile_Nguyễn Văn Hải_K56CC;Ứng dụng công nghệ của Kinvey để xây dwungj mạng xã hội_Trần Văn Luật_K56CC;Điều khiển tốc độ tương thích cho TFRC trong mạng Ad-hoc_Trương Văn Trang_K57CLC;Xây dựng hệ thống chợ điện tử Multi store_Đỗ Tuấn Anh_K57CLC;Ứng dụng công nghệ Hybrid Mobile vào phát triển hệ thống sàn dịch vụ chăm sóc sắc đẹp_Đặng Văn Đoàn_K57CLC;Cải tiến tính năng điều khiển tắc nghẽn của giao thức SCTP trong mạng Ad-hoc_Lê Nguyễn Minh Quân_K57CLC;Xây dựng website hỗ trợ sinh viên tìm kiến việc làm_Trần Tiến Quân_K57CLC;Áp dụng tường lửa thế hệ mới vào hệ thống mạng doanh nghiệp_Lê Đức Minh_K57CB;Website thương mại điện tử bằng MEAN_Ngô Đức Hải_K57CC;Cải tiến giao thức SCTP multihoming trong mạng Ad-hoc_Phạm Văn Trường_K57CB
6|Hoàng Minh Đường|CN.|Bộ môn Khoa học Máy tính|"Tin học cơ sở 1;Tin học cơ sở 4"|Học máy; Thực tế ảo|
7|Hoàng Thị Ngọc Trang|ThS.|Bộ môn Khoa học Máy tính|"Cấu trúc dữ liệu và giải thuật;Tin học cơ sở 1;Tin học cơ sở 4;Lập trình nâng cao;Tin học cơ sở 2"|Học máy; tin sinh học|
8|Hoàng Thị Điệp|ThS.|Bộ môn Khoa học và Kỹ thuật tính toán|"Xác suất thống kê;Xác suất thống kê ứng dụng"|Tin sinh học và Phân tích hệ gen|Chương trình từ điển Anh - Việt trên nền di động_Đỗ Trọng Hải_K55CC;Trích chọn thông tin y tế trên nền web_Trần Văn Hoàng_K55CC;Thiết kế và xây dựng kho ngữ liệu cho bài toán tạo liên kết thực thể (Eutity linking)_Hoàng Văn Phụng_K56CD;Phát hiện thực thể trong bài toán tạo liên kết thực thể_Mai Văn Đức_K56CLC;Thiết kế; xây dựng CSDL và ứng dụng trợ giúp tìm hiểu các nhân vật lịch sử Việt Nam_Mai Xuân Hiền_K56CB;Nghiên cứu và thử nghiệm các thuật toán khử nhập nhằng trong bài toán tạo liên kết thực thể (Entity Linking)_Bùi Thế Cương_K56CC
9|Hoàng Xuân Huấn|PGS. TS.|Bộ môn Khoa học Máy tính|"Các vấn đề hiện đại của Công nghệ thông tin;Tối ưu hóa;Học máy"|Học máy; tính toán mềm; tin sinh học|Phương pháp tối ưu đàn kiến cho bài toán lập lịch sản xuất_Cao Thế Hoàng_K55CD;Thuật toán memetic cho bài toán lập lịch sản xuất_Đinh Văn Thành_K56CB;Phương pháp dựa trên đàn kiến giải bài toán chuỗi xa cực đại_ Hoàng Văn Tiến_K56CB;Tối ưu hóa độ trễ_Bùi Văn Tỉnh_K56CB
10|Hoàng Xuân Tùng|TS.|Bộ môn Truyền thông và Mạng máy tính|"Mạng máy tính;Các hệ phân tán;Truyền thông đa phương tiện"|Internet of Things; các hệ thống nhúng; các ứng dụng mobile và cloud; đánh giá hiệu năng hệ thống|Xây dựng ứng dụng video sử dụng Framework PJSIP_Mai Việt Anh_K55CLC;Xây dựng ứng dụng game sử dụng Framework PJSIP_Lê Sơn Hải_K55CLC;Nghiên cứu và triển khai thuật toán Digital Fountain Coding_Đặng Thị Phương_K55CD;Thực hiện xử lý tiếng nói trong môi trường Android_Trần Văn Nhất_K55CC;Ứng dụng Jule engine cho các ứng dụng game online_Vũ Hữu Tính_K55CC;Đồng bộ hóa session cho ứng dụng web sử dụng php_Nguyễn Văn Thiệu_K55CLCCC;Thực hiện cơ chế cache atom header cho dịch vụ truyền video trên nền tảng hệ thống nhúng_Nguyễn Tiến Thành_K56CLC;P2P - SIP & Push - to - talk over IP_Lý Văn Trưởng_K56CB;Thiết kế và xây dựng hệ thống quản lý giao thông thông minh sử dụng với hệ thống cơ sở dữ liệu NoSQL_Mẫn Việt Dũng_K56CC;Ứng dụng sử dụng Map Reduce Framework cho việc xử lý song song cho các dữ liệu đa chiều_Phạm Ngọc Huy_K56CC;An implementation of LT code for mobile device_Nguyễn Văn Thoại_K56CC;Điều khiển và quản lý thiết bị trong các ứng dụng nhà thông minh theo chuẩn Zigbee với nodeJS và meteorJS_Lê Văn Đức_K57CLC;Xây dựng giải pháp giám sát hạ tầng thiết bị dựa trên các công cụ phần mềm mã nguồn mở_Lê Mạnh Hà_K57CLC;Using NAT traversal techniques for building P2P camera surveillance system_Nguyễn Nam Phong_K57CA;Cải thiện hiệu năng bộ cung cụ mã nguồn mở Icinga 2 cho các ứng dụng giám sát hạ tầng_Đàm Văn Hiệp_K57CD
11|Hà Hải Nam|CN.|Bộ môn Các Hệ thống Thông tin|"Tin học cơ sở 2;Cơ sở dữ liệu;Hệ quản trị cơ sở dữ liệu"|An toàn thông tin; Mật mã và an toàn dữ liệu|
12|Hà Quang Thụy|PGS. TS.|Bộ môn Các Hệ thống Thông tin|"Khai phá dữ liệu;Cơ sở các hệ thống thông tin;Khoc học dịch vụ;Chủ đề hiện đại về HTTT;Phương pháp nghiên cứu và kỹ năng viết báo cáo khoa học"|Tập thô; Khai phá dữ liệu (Text/Web; phương tiện xã hội; quy trình kinh doanh); Công nghệ tri thức|Kiểm tra phù hợp trong khai phá quá trình_Trần Thanh Hải_K55CLC;Khai phá khía cạnh bổ sung trong phát hiện quá trình dựa trên lôgic tân từ bậc một_Nguyễn Văn Quyển_K55CLC;Thuật toán xếp hạng đối tượng trong mạng xã hội_Phạm Huy Thành_K55CLC;Thuật toán di truyền khai phá khía cạnh bổ sung trong phát hiện quá trình_Nguyễn Anh Vũ_K55CLC;Khai phá khía cạnh bổ sung dựa trên khai phá luật dãy_Nguyễn Đắc Đông_K55CLC;Khai phá quan điểm trên mạng xã hội dựa trên Ontology_Phan Văn Chương_K55T;Phân tích quan điểm với tiến hóa đánh giá trực tuyến trên phương tiện xã hội_Nguyễn Thành Đạt_K56;Mining Social media with social theories_ Mai Công Đạt_K56CA;Tư vấn xã hội hướng cộng đồng hoặc nhóm người dùng_Nguyễn Quỳnh Nga_K56CLC;Thu gọn mô hình quy trình kinh doanh và thực nghiệm_Trần Thành Núi_K56CB;Kiểm tra tính phù hợp trong khai phá quy trình và thực nghiệm_ Hà Văn Phương_K56CB;Ứng dụng phân cụm trong bài toán khai phá quy trình_Pham Thị Huyền_K56CC;Phát hiện bất thường trên phương tiện xã hội dựa trên kỹ thuật khai phá dữ liệu_Lê Xuân Đạo_K57CLC;Nhận dạng tài khoản spam trên mạng xã hội dựa trên đặc trưng cộng đồng và phân loại nội dung_Vương Thị Hồng_K57CLC;Một số kỹ thuật tư vấn xã hội hướng địa điểm và ứng dụng_Đỗ Thành Long_K57CLC;Phát hiện bùng nổ sự kiện không gian - thời gian dựa trên kỹ thuật khai phá dữ liệu_Đặng Anh Quân_K57CLC;Phân cụm vết từ nhật ký sự kiện theo tiếp cận từ trên xuống_Vũ Văn Chiến_K57CLC;Phát hiện điểm thay đổi trôi khái niệm trong khai phá quy trình_Ngô Thị Oanh_K57CLC;Phát hiện mô hình quy trình từ nhật ký sự kiện không đầy đủ_Lại Thị Huyền Trang_K57CLC;Tóm tắt văn bản trích chọn theo phương pháp textRank và xây dựng ứng dụng trên thiết bị di động_Nguyễn Thị Dung_K57T;Phân tích vết trong nhật ký sự kiện dựa trên kỹ thuật phân cụm_Nguyễn Thị Thúy Hà_K57T;Phát hiện quy trình dựa trên quy hoạch tuyến tính nguyên_Chu Chí Quang_K57T
13|Hồ Đắc Phương|ThS.|Bộ môn Truyền thông và Mạng máy tính|"Tin học cơ sở 4;Lập trình thi đấu;Mạng máy tính"|Tính toán lưới; xử lý phân tán; các ứng dụng trên thiết bị di động|Phần mềm dạy Tiengs Việt học sinh lớp 1 viết trên nền Android_Trịnh Văn Tú_K55CD;Bộ công cụ quảng cáo trực tuyến_Phan Văn Đại_K55CC;Xây dựng trò chơi thi đấu giải ô chữ_Phạm Văn Minh_K55CC;Làm trang web bán hàng trực tuyến bằng Java_ Hà Văn Phi_K56CC;Xây dựng ứng dụng hoc Toán  cho trẻ em tiểu học trên nền Android_Trần Thị Huê_K56CD;Xây dựng ứng dụng thi đấu cho trẻ em tiểu học_Nguyễn Thế Anh Tuấn_K56CD;Phát triển ứng dụng android về ý tế_Đỗ Ngọc Thục_K56CC
14|Lê Anh Cường|PGS. TS.|Bộ môn Khoa học Máy tính|"Xử lý ngôn ngữ tự nhiên;Lập trình nâng cao;Khai phá dữ liệu Web;Các vấn đề hiện đại của Khoa học Máy tính"|Xử lý ngôn ngữ tự nhiên; phân tích quan điểm; khai phá văn bản; học máy|Phân tích cú pháp tiếng Việt_Phạm Văn Huy_K55CLC;Extracting parallel sentences and applyty to SMT between English and Vietnamese_Phạm Xuân Phú_K55CA;Language model and Vietnamese part-of-speed tagging_Đặng Trần Thái_K55CA;Context sensitive spell checking for Vietnamese_Nguyễn Thế Tùng_K55CA;Chương trình từ điển Anh - Việt trên nền di động_Đỗ Trọng Hải_K55CC;Trích chọn thông tin y tế trên nền web_Trần Văn Hoàng_K55CC;Improving the phrase table in statiscal machine translation_Bùi Văn Vượng_K56CA;Phân tích từ tố và hình thái tiếng Anh và ứng dụng cho dịch máy Anh - Việt_Đàm Văn Bằng_K56CC;Subjectivity and Polarity Classification in Sentiment Analysis_Hoàng Thị Nhung_K57CA;Word segmentation and POS tagging for Vietnamese_Nguyễn Tuấn Phong_K57CA;Đánh giá quan điểm người dùng dựa trên bình luận trên mạng xã hội_Trịnh Quyết Thắng_K57CD
15|Lê Hoàng Quỳnh|ThS.|Bộ môn Các Hệ thống Thông tin|"Cơ sở dữ liệu;Hệ quản trị cơ sở dữ liệu"|Khai phá dữ liệu; Xử lý ngôn ngữ tự nhiên; Khai phá dữ liệu y sinh học|Khai phá khía cạnh bổ sung dựa trên khai phá luật dãy_Nguyễn Đắc Đông_K55CLC;Khai phá khía cạnh bổ sung trong phát hiện quá trình dựa trên lôgic tân từ bậc một_Nguyễn Văn Quyển_K55CLC;Thuật toán xếp hạng đối tượng trong mạng xã hội_Phạm Huy Thành_K55CLC;Thuật toán di truyền khai phá khía cạnh bổ sung trong phát hiện quá trình_Nguyễn Anh Vũ_K55CLC;Thu gọn mô hình quy trình kinh doanh và thực nghiệm_Trần Thành Núi_K56CB;Áp dụng phân lớp đa nhãn cho bài toán nhận dạng thực thể trong văn bản y sinh_Nguyễn Thị Phương Giang_K56CC;Áp dụng học tách cực cho bài toán trích xuất quan hệ ngữ nghĩa trang văn bản tiếng Việt_Hà Quang Thái_K56CLC;Một cải tiến của phương pháp nhận dạng thực thể sử dụng học chuyển đổi_Phạm Thị Thu Trang_K56CLC;Phân cụm vết từ nhật ký sự kiện theo tiếp cận từ trên xuống_Vũ Văn Chiến_K57CLC;Phát hiện điểm thay đổi trôi khái niệm trong khai phá quy trình_Ngô Thị Oanh_K57CLC;Phát hiện mô hình quy trình từ nhật ký sự kiện không đầy đủ_Lại Thị Huyền Trang_K57CLC;Phân tích vết trong nhật ký sự kiện dựa trên kỹ thuật phân cụm_Nguyễn Thị Thúy Hà_K57T
16|Lê Hồng Hải|ThS.|Bộ môn Các Hệ thống Thông tin|"Cơ sở dữ liệu;Dự án;Hệ quản trị cơ sở dữ liệu"|Nhận dạng vân tay; Cơ sở dữ liệu; Kho dữ liệu|Xây dựng ứng dụng quản lý hành trình tốc độ của phương tiện giao thông_Nguyễn Duy Tá_K55CC;Tìm hiểu và xây dựng ứng dụng Web dựa vào WebRTC_Nguyễn Đức Toàn_K55CC;Xấy dựng ứng dụng hiển thị thông tin tức thời trên nền web_Nguyễn Trí Tuyến_K55CC;Tìm hiểu hệ thống trao đổi thông tin trong doanh nghiệp sử dụng Ignite Realtime_Nguyễn Thanh Tuyền_K55CC;Tìm hiểu hệ thống Video Conference dựa trên Jitsi_Nguyễn Xuân Cương_K56CD;Tìm hiểu cơ chế nâng cao hiệu năng và tính sẵn sàng trong My SQL_Nguyễn Đình Đô_K56CB;Công cụ đánh giá hiệu năng JMeter_Bùi Lý Hùng_K56CB;Xây dựng ứng dụng mobile đa nền tảng trên Ionic Framework_Trần Quang Huy_K57CLC;Building a multi-platform voice conference application based on WebRTC_Nguyễn Văn Lượng_K57CA;Tìm hiểu mô hình phân tán dữ liệu trong Mongo DB_Lê Trung Đức;Xây dựng ứng dụng chat đa nền tảng trên ionic và firebase_Nguyễn Trọng Tùng_K57CC
17|Lê Khánh Trình|CN.|Bộ môn Công nghệ Phần mềm|"Lập trình hướng đối tượng;Tin học cơ sở 1"|Kiểm chứng và kiểm thử phần mềm; Sự tiến hóa của phần mềm|
18|Lê Minh Khôi|ThS.|Bộ môn Khoa học Máy tính||Mạng di động; khai phá dữ liệu|Khung phát triển ứng dụng game cho Smart phone Android_Trần Văn Trinh_K55CC
19|Lê Nguyên Khôi|TS.|Bộ môn Khoa học Máy tính|"Cấu trúc dữ liệu và giải thuật;Lý thuyết thông tin;Tin học cơ sở 4"|Tối ưu hóa; tính toán tiến hóa; meta-heuristics|Tìm hiểu và đề xuất phương pháp giải bài toán lập lịch học tín chỉ_Lê Văn Tiến_K56CC;Tìm hiểu và đề xuất phương pháp ngăn chặn tấn công từ chối dịch vụ_Nguyễn Minh Hiệp_K56CC;Tìm hiểu giải thuật di truyền cho bài toán cái túi đa mục tiêu_Ngô Đức Thành_K56CB;Subjectivity and Polarity Classification in Sentiment Analysis_Hoàng Thị Nhung_K57CA;Word segmentation and POS tagging for Vietnamese_Nguyễn Tuấn Phong_K57CA;Đánh giá quan điểm người dùng dựa trên bình luận trên mạng xã hội_Trịnh Quyết Thắng_K57CD
20|Lê Phê Đô|TS.|Bộ môn Khoa học và Kỹ thuật tính toán|"Đại số;Giải tích;Toán học rời rạc;Xác suất thống kê;Toán trong Công nghệ;Nhập môn an toàn thông tin;An ninh hệ thống thông tin"|An toàn thông tin trong giao dịch điện tử; Các phương pháp toán trong công nghệ|Building Predictive Model for Complex Phenotypec from large scale bio logical data_Nguyễn Thế Hùng_K55CLC;Tìm hiểu về phân phối khóa trong bảo mật lượng tử_Đặng Thị Huyền_K55CB;An toàn và bảo mật trong dịch vụ điện toán đám mây_Vũ Viết Tùng_K55CB;Bầu cử điện tử và mô hình thí điểm trong trường Đại học Công nghệ_Trần Thị Tươi_K55CB;Các công nghệ hiện nay trong vấn đề xác thực truy nhập_Nguyễn Huy Bình_K55CD;Nghiên cứu các mở rộng của hồi quy Lasso_Nguyễn Duy Thành_K55CD;Tính cốt lõi của hàm một chiều và ứng dụng_Nguyễn Thị Thu_K55CD;Nghiên cứu vai trò bảo mật của Hàm băm trong lĩnh vực Ngân Hàng_Chu Thị Nguyệt_K55T;Nghiên cứu và đánh giá các thuật toán tạo số giả ngẫu nhiên_Lê Thị Len_K56CLC;Phương pháp mã hóa trong truyền tin VoIP_Nguyễn Văn Thắng_K56CLC;Nhận dạng âm thanh và ứng dụng trong các trường hợp đặc biệt_Đỗ Đăng Thuận_K56CLC;Vấn đề an ninh khi sử dụng Bitcoin trong giao dịch thương mại điện tử_Đỗ Công Thành_K56CC;Nghiên cứu một số biến thể của hệ mật RSA và ứng dụng_Đỗ Xuân Thắng_K56CD;Bảo mật website thương mại điện tử với sự hỗ trợ của framework Ruby on Rails_Bùi Thị Hoa_K57CC;Xây dựng luật từ điển có chức năng bảo mật; nén và giải nén tin_Hoàng Ngọc Thể_K57CB
21|Lê Quang Hiếu|TS.|Bộ môn Khoa học Máy tính|"Cấu trúc dữ liệu và giải thuật;Xác suất thống kê;Chuyên đề Công nghệ;Xác suất thống kê ứng dụng"|Học máy; khai phá dữ liệu web; thông tin doanh nghiệp|
22|Lê Quang Minh|TS.|Phòng Thí nghiệm Hệ thống Nhúng||"Đảm bảo an toàn an ninh mạng máy tính;Lập trình nhúng và thời gian thực;Mô phỏng các hệ thống hàng đợi."|
23|Lê Sỹ Vinh|PGS. TS.|Bộ môn Khoa học và Kỹ thuật tính toán|"Lập trình nâng cao;Chuyên đề Công nghệ;Các vấn đề hiện đại của Công nghệ thông tin;Cấu trúc dữ liệu và giải thuật"|Tin sinh học; phân tích hệ gen|A study on the variants of SNPs in Vietnamese human genome_Nguyễn Đại Thành_K55CA;A study on the variant of short indels in Vietnamese Human Genomes_ Phạm Thị Minh Trang_K55CA;Xây dựng hệ thống bán và trao đổi sách trực tuyến_ Đỗ Mạnh Cường_K56CLC;Ứng dụng chặn tin nhắn rác trên điện thoại thông minh_Lê Thường Quân_K56CB;Xây dựng hệ thống trực tuyến giới thiệu cho khách nước ngoài các sản phẩm lưu niệm đặc trưng của Việt Nam_Vi Tất Thắng_K56CC;Xây dựng hệ thống phần mềm hỗ trợ bảo tồn đa dạng sinh học (Building a management system to support the biological diversity)_Vũ Ngọc Sơn_K57CA;Mạng xã hội thời trang Việt Nam (VietNam fashion social network)_Nguyễn Thế Huy_K57CA;Research and implement aprivate cloud for mobile application using open stack_Nguyễn Văn Đức_K57CA;Xây dựng mạng xã hội thời trang_Nguyễn Tùng Anh_K57CAC;Xây dựng mạng xã hội thời trang (Fashion Social)_Tạ Quang Hiệp_K57CAC
24|Lê Thanh Hà|TS.|Phòng thí nghiệm Tương tác Người – Máy|"Thị giác máy;Truyền thông đa phương tiện;Dự án;Xử lý ảnh"|Xử lý ảnh; Xử lý ảnh viễn thám; Xử lý và truyền thông video; Thị giác máy|Registration methods for VnRedSat-1 Images_Nguyễn Thạc Dư_K55CA;Spatial data Infrastructure for LCDM (Landsat-8) Images: Client side_Nguyễn Phú Hiệu_K55CA;Fusion methods for VNRedSat-1 images_Nguyễn Văn Hoàng_K55CA;Parallel techniques for Satellite Image Processing_Trương Huy Hoàng_K55CA;Examine the operation of smartphone's motion sensor in microgravity environment_Thái Công Khanh_K55CA;Spatial data Infrastructure for LDCM (Landsat-8) Images: Server side_ Vũ Xuân Lai_K55CA;Sử dụng ảnh vệ tinh trong phát hiện và cảnh báo cháy rừng_Trần Nhật Hoàng_K55CB;Sử dụng ảnh vệ tinh trong phát hiện và cảnh báo cháy rừng_Đào Thái Sơn_K55T;Spatial data Infrastructure for LDCM (Landsat-8) Images: Server side_Trần Khánh Toàn_K55CC;Depth Estimation for Multiview video Coding_ Đinh Trung Anh_K56CA;Xây dựng hệ thống thông tin cháy rừng_ Phạm Văn Dân_K56CLC;Nghiên cứu phương pháp cảnh báo cháy rừng_ Hồ Văn Phú_K56CLC;Improved virtual view synthesis using motion warping for 3D-DTV_Vương Tùng Long_K57CA;Efficient Virtual view synthesis exploiting temporal corelation for free viewpoint television_Lê Đình Minh_K57CA;A tensorflow Implementation of Neural Algorithm of Artistic Style_Lê Xuân Tùng_K57CA;A computer vision approach to trademark identification_Lê Anh Vũ_K57CA;A mobile application for banknote identification_Nguyễn Chí Hoàng Vương_K57CA
25|Lê Đình Thanh|TS.|Phòng Thí nghiệm An toàn thông tin|"Phát triển ứng dụng Web;Thực hành hệ điều hành mạng"||Định vị trong mạng cảm biến không dây_Nguyễn Khắc Hoàng Hà_K55CLC;Phát triển hệ thống Quản lý văn bản theo chuẩn mới_Nguyễn Xuân Hải_K55CLC;Phát triển hệ thống Quản lý văn bản theo chuẩn mới/Chữ kí số_Nguyễn Khắc Nam_K55CLC;Phát triển hệ thống quản lý đào tạo trường phổ thông theo mô hình SaaS - Dành cho giáo viên_Phạm Ngọc Sơn_K55CLC;Phát triển hệ thống LMS theo mô hình SaaS_Hà Đức Trung_K55CLC;Hệ thống e- learning theo mô hình SaaS_Nguyễn Hữu Kết_K55CLC;Phát triển hệ thống LCMS theo mô hình SaaS_Nguyễn Thị Loan_K55CLC;Kỹ thuật khôi phục đi theo biên trong định tuyến dựa trên thông tin vị trí_Hoàng Văn Hưởng_K55CB;Từ chống tân công từ chối dịch vụ tốc độ thấp vào TCP đến chồng tấn công từ chối dịch vụ trên web_Bùi Danh Quý_K56CLC;Tự quét lỗ hổng ứng dụng web với Zed Attack Proxy_Nguyễn Thị Hà_K56CD;Tường lửa ứng dụng web_Trần Trọng Đông_K56CD;Đảm bảo an toàn cho định tuyến dựa trên thông tin vị trí_Vũ Hồng Hiệp_K56CLC;Phát hiện và ngăn chặn quảng cáo độc hại dựa vào URL_Đỗ Gia Quân_K57CLC;Building request patterns for positive web application firewall_Phan Xuân Tiến_K57CAVá ảo ứng dụng web bằng tường lửa theo mô hình an ninh tích cực_Bùi Thị Bích Thảo_K57CD;Phát hiện lỗ hổng và bảo vệ ứng dụng web trước tấn công can nhiễu tham số_Nguyễn Thị Gấm_K57T
26|Lê Đức Trọng|NCS.|Bộ môn Các Hệ thống Thông tin||Khai phá quy trình nghiệp vụ|
27|Ma Thị Châu|TS.|Phòng thí nghiệm Tương tác Người – Máy|"Đồ họa máy tính;Thực tập chuyên ngành;Tin học cơ sở 1;Xử lý ảnh số"|Thị giác máy; Hình học đa ảnh; Phân tích ảnh độ sâu; Đồ họa máy tính|Khôi phục độ đo từ ảnh chụp_Phạm Anh Tú_K55CLC;Quality improvement of reconstructed 3D model from 2D images_ Nguyễn Tuấn Anh_K56CA;Improvement of geometric parameter extraction from 3D point loud based on 2D images_ Trần Minh Luyện_K56CA;Performance improvement of triangulization from 3D point cloud_Phan Đăng Thành_K56CA;Extracting geometric information from pointcloud_Nguyễn Hưng Thịnh_K56CA;Mô hình tương tác 3D trên Android_ Nguyễn Hữu Tiến_K56CD;Developing cross-platform game_Bùi Đình Thành_K57CA
28|Nguyễn Bảo Ngọc|ThS.|Bộ môn Công nghệ Phần mềm||Phân tích chương trình; Kiểm thử phần mềm|
29|Nguyễn Duy Khương|ThS.|Phòng thí nghiệm Tương tác Người – Máy||Học máy; Xử lý dữ liệu lớn|Ứng dụng chỉ đường và hỗ trợ xe bus trên Android_Lê Thái Hòa_K55CB
30|Nguyễn Hoài Sơn|TS.|Bộ môn Truyền thông và Mạng máy tính|"Mạng không dây;Mạng máy tính;Mạng thế hệ mới nâng cao;Mạng và truyền dữ liệu nâng cao"|Overlay network; mạng ngang hàng; video streaming; mạng không dây; Internet of Things|Nghiên cứu xử lý dữ liệu sensor trong nhà_Nguyễn Văn Ngọc_K56CC;Xây dựng giao diện web cho hệ thống thu thập dữ liệu sensors trong nhà_Hoàng Thị Như_K56CC;Xây dựng ứng dụng thu thập dữ liệu sensor trong nhà_Phạm Văn Khang_K56CC;Tối ưu hóa cây truyền multicast trong giải thuật truyền dữ liệu video streaming trên mạng ngang hàng_Đỗ Xuân Vinh_K57CLC;Xây dựng cơ chế tit-for-tat trong giải thuật truyền dữ liệu video streaming trên mang ngang hàng_Nguyễn Văn Tiến_K57CLC;Mô phỏng sự biến thiên của nhiệt độ trong nhà dựa trên thông tin dự báo thời tiết_Phạm Thanh Tuấn_K57CLC;Xây dựng hệ thống tra cứu thông tin phương tiện giao thông theo cây thuộc tính- giá trị trên mạng ngang hàng có cấu trúc_Phạm Hoàng Hanh_K57CB;Ước lượng tham số trong mô hình mô phỏng nhiệt độ cho nhà thông minh_Bùi Minh Hiếu_K57CC
31|Nguyễn Hà Nam|PGS. TS.|Bộ môn Các Hệ thống Thông tin|Cơ sở dữ liệu|Khai phá dữ liệu; Học máy; Cơ sở dữ liệu; Tính toán mềm; Công nghệ tri thức|Phân tích hành vi người dùng dựa trên bộ cảm biến trên điện thoại di động_Mai Đại Diện_K57CLC;Phân loại phương tiện giao thông dựa trên cảm biến trên điện thoại di động_Bạch Văn Ngọc_K57CLC
32|Nguyễn Hà Thanh|CN.|Bộ môn Công nghệ Phần mềm|"Lập trình hướng đối tượng;Tin học cơ sở 1;Tin học cơ sở 2;Tin học cơ sở 4"|Học máy; Xử lý ngôn ngữ tự nhiên; Các bài toán ứng dụng Công nghệ pháp lý|
33|Nguyễn Hải Châu|PGS. TS.|Bộ môn Các Hệ thống Thông tin|"Nguyên lý hệ điều hành;Các vấn đề hiện đại của Công nghệ thông tin;Cơ sở dữ liệu;Tính toán hiệu năng cao"|Tính toán hiệu năng cao; Hệ thống thông tin địa lý (GIS); Hạ tầng dữ liệu không gian; Cơ sở dữ liệu không gian|Nghiên cứu giải pháp tích hợp hệ thống dự trên nền tảng Spring_Nguyễn Văn Sáng_K55T;Xây dựng giải pháp bản đồ trực tuyến trên Quantum GIS_Đặng Bá Đạt_K55T;Mô hình hóa ba chiều các đối tượng đô thị với CityGML_Nguyễn Huy Hùng_K55T;Nghiên cứu giải pháp tăng tốc độ hiển thị dữ liệu lớn trên bản đồ trực tuyến_Nguyễn Cao Long_K55T;Xây dựng bản đồ vị trí ATM của các ngân hàng dựa vào các dịch vụ geocoding miễn phí_Vũ Long Hải_K56CLC;Xây dựng ứng dụng tìm kiếm vị trí ATM của các ngân hàng trên điện thoại Android_Thân Trung Hiếu_K56CLC;Xây dựng ứng dụng tìm đường trên điện thoại Android dựa vào danh bạ điện thoại_Lý Thị Nga_K56CLC;Xây dựng ứng dụng tìm đường dựa vào danh bạ điện thoại và dịch vụ geocoding_Nguyễn Khánh Dũng_K56CLC;Xây dựng ứng dụng quản lý ảnh vệ tinh Landsat 8 và cung cấp dịch vụ theo chuẩn WCS_Nguyễn Mạnh Giầu_K56CLC;Phân tích dữ liệu tai nạn giao thông_Đặng Văn Sướng_K57CLC;Xây dựng ứng dụng nhắn tin trên điện thoại Android_Trần Kim Tùng_K57CLC;Building a multi-platform voice conference application based on WebRTC_Nguyễn Văn Lượng_K57CA;Phân tích hành vi người sử dụng thiết bị cảm biến đeo được_Phạm Phú Đông_K57CB;Xây dựng mô-đun tính lương động tại công ty Framgia_Nguyễn Văn Hiển_K57CB
34|Nguyễn Minh Trí|TS.|Bộ môn Truyền thông và Mạng máy tính||QoS; mobile WiMAX; mobile IP; software-defined networking|
35|Nguyễn Ngọc Bình|PGS. TS.|Phòng Thí nghiệm Hệ thống Nhúng||"CN Phần mềm và CN phần mềm Nhúng;Tối ưu hóa thiết kế điện tử và VLSI;Đồng thiết kế phần cứng - phần mềm;Nhận dạng chữ Hán - Nôm và ứng dụng cho các thiết bị di động."|
36|Nguyễn Ngọc Hóa|PGS.TS; GV|Bộ môn Các Hệ thống Thông tin|"Kiến trúc máy tính;Tích hợp hệ thống;Cơ sở dữ liệu nâng cao;Các vấn đề hiện đại của;Công nghệ thông tin;Các chủ đề hiện đại về Quản lý Hệ thống Thông tin;Chủ đề hiện đại về HTTT;Các chủ đề lựa chọn về cơ sở dữ liệu"|Quản lý dữ liệu lớn; GIS; Hệ tích hợp thông minh; An toàn thông tin|An extensible service for white-box web application vulnerability scanning_Lê Văn Giáp_K57CA;Nghiên cứu giải pháp phân mảnh và tổng hợp dữ liệu_Trịnh Hồng Khoa_K55CC;Lập trình game trên di động đập quái vật trong lỗ_Nguyễn Đức Tiến_K55CC;Phát triển công cụ biên tập bản đồ trên nền Web_Trần Thị Hồng Diệu_K55CLC;Phát triển ứng dụng giám sát thông tin trên Internet_Dương Hồng Hạnh_K55CLC;Phát triển ứng dụng chơi nhạc trên Android qua thiết bị Airport Express_Bùi Ngọc Thực Nguyên_K55CLC;Phát triển ứng dụng xác thực người dùng dịch vụ xe bus với thẻ  NFC - Phía Server_Nguyễn Văn Nội_K55CLC;Xây dựng ứng dụng quản lý bệnh nhân dựa trên công nghệ NFC_Hoàng Minh Phúc_K55CLC;Phát triển ứng dụng giám sát thông tin người dùng quan tâm trên Internet - Phía client_Nguyễn Thị Hương Quỳnh_K55CLC;Phát triển ứng dụng xác thực người dùng dịch vụ xe bus với thẻ  NFC - Phía Client_Quan Tuấn Vũ_K55CLC;Phát triển game đa nền tảng với Unity Engine_Thái Mạnh Tuấn_K56CD;Trực quan hóa dữ liệu giao thông trên nền web_Đào Văn Tiến_K56CD;Xây dựng hệ thống sinh báo cáo tự động_Đặng Quang Hợp_K56CC;Phát triển hệ thống điểm danh tự động_Tạ Đức Việt_K56CD;Tích hợp hệ thống thông tin y tế theo mô hình Restful_Nguyễn Việt Thanh_K57CLC;An extensible service for white-box malicious Web Shell detection_Nguyễn Hữu Tùng_K57CA;Phát triển dịch vụ quản lý khóa luận tốt nghiệp dựa trên nền tảng Epesi_Đỗ Duy Khánh_K57CD
37|Nguyễn Phương Thái|PGS. TS.|Bộ môn Khoa học Máy tính|"Lý thuyết thông tin;Chương trình dịch"|Xử lý ngôn ngữ tự nhiên; xây dựng cơ sở ngữ liệu có chú thích; học máy|Kiểm tra lỗi tự động cho Tree Bank bằng tiếng Việt_Nguyễn Đình Đại_K55CB;Kiểm tra lỗi tự động cho kho dữ liệu được gán nhãn từ loại_Trần Minh Thắng_K55CB;Classifier noun annotation in Vietnamese treebank_Dương Đức Nam_K56CA;Building a web-based tool for syntax-tree annotation_Nguyễn Minh Thuận_K56CA;Tự động nhận diện quan hệ bao thuộc của từ tiếng Việt_Đào Hoàng Thái Sơn_K56CLC;Building a web-based tool for manual word segmentation and pos tagging_ Hoàng Công Tuấn Anh_K56CA
38|Nguyễn Quang Vinh|ThS.|Bộ môn Khoa học và Kỹ thuật tính toán|"Giải tích 1;Đại số;Phương pháp tính"|Các phương pháp toán trong công nghệ|
39|Nguyễn Thanh Thủy|GS. TS.|Bộ môn Khoa học Máy tính||Trí tuệ nhân tạo; tính toán mềm; tính toán hiệu năng cao; kỹ nghệ dữ liệu và tri thức|Lập trình trò chơi trí tuệ Cờ Điểm trên thiết bị di động_Vũ Đình Hải_K57CLC
40|Nguyễn Thị Huyền Châu|TS.|Bộ môn Công nghệ Phần mềm|"Công nghệ phần mềm;Công nghệ phần mềm nâng cao;Các vấn đề hiện đại của Công nghệ thông tin"|Các hệ thống thời gian thực và Các hệ thống nhúng. Kiểm thử và kiểm chứng phần mềm|Biểu đồ xấp xỉ tuyến tính của hệ thời gian thực với Deferred Preemption_Lê Văn Hưng_K55CD;Phân tích mức độ tối ưu của biểu đồ xấp xỉ dành cho hệ CAN (Controlled Area Network)_Vy Mạnh Cường_K55CLC;Biểu đồ xấp xỉ và phân tích lập lịch của hệ CAN (Controlled Area Network)_Nguyễn Quốc Đạt_K55CLC;Phân tích chính xác yêu cầu bộ xử lý cho hệ thời gian thực với defered preemtion_Nguyễn Thị Quý_K55CLC;Phân tích gia tăng tài nguyên cho cận trên thời gian đáp ứng của hệ thời gian thực với deffered preemtion_Trần Ngọc Sơn_K55CLC;Feasibility analysis for real time system with floating defer peermption_ Võ Anh Hưng_K56CA;Schetulibility qualysis for real time systems with non-pre emptive reglons revisited_ Chu Văn Tạo_K56CA;Kiểm định khả năng lập lịch của hệ thời gian thực có độ trễ cache bị chặn_Nguyễn Minh Hằng_K56CLC;Xây dựng bộ gợi ý sinh mã sử dụng mô hình ngôn ngữ ngữ nghĩa thống kê_ Nguyễn Thị Huế_K56CLC;Xây dựng công cụ dự đoán lỗi sử dụng mô hình ngôn ngữ ngữ nghĩa thống kê_ Bùi Ngọc Trâm_K56CLC;Ước lượng thời gian phản ứng của hệ thời gian thực có độ trễ cache bị chặn_ Phí Hữu Vinh_K56CLC;Xây dựng module quản lý quảng cáo cho website bán hàng_Ngô Quốc Thắng_K57CLC;Xây dựng module gợi ý sản phẩm cho web bán hàng_Phạm Thừa Tấn_K57CLC;Revisiting and Analyzing for fixed non-preemptive regions in real time systems_Ngô Thị Thúy Lan_K57CA;Thiết kế và xây dựng dịch vụ web cho hệ thống quản lý trường học - Trường Nhà_Nguyễn Hồng Sơn_K57CAC
41|Nguyễn Thị Hậu|TS.|Bộ môn Các Hệ thống Thông tin|Nguyên lý hệ điều hành;Thực hành Quản lý Dự án hệ thống thông tin;Cơ sở dữ liệu nâng cao;Cơ sở dữ liệu đa phương tiện|Genome evolution; Phylogeny; Tree reconciliation|Xây dựng giao diện đồ họa tương tác cho cây sinh vật_Dương Ngọc Diễn_K56CB;Phần mềm hỗ trợ giảng dạy và học toán lớp 2 trên nền tảng Android_Phan Đức Duy_K56CB;Xây dựng ứng dụng cho phép in tài liệu từ thiết bị android_Nguyễn Thành Đạt_K56CB;Xây dựng ứng dụng quản lý tài liệu PDF trên android_Lê Trung Đức_K56CB;Sử dụng cơ sở dữ liệu đồ thị nghiên cứu mối quan hệ trong mạng xã hội_Vũ Việt Hà_K56CB
42|Nguyễn Thị Nhật Thanh|TS.|Phòng thí nghiệm Tương tác Người – Máy|Thiết kế giao diện người dùng;Dự án|Xử lý ảnh vệ tinh; Mạng cảm biến không dây; Mô hình hóa chất lượng không khí|Phân lớp các loại đất từ ảnh Land sat 8 sử dụng các luật quang phổ và tập mờ_Hoàng Văn Thắng_K55CLC;Phân lớp thực vật trong ảnh Landsat 8 bằng luật quang phổ và tập mờ_Nguyễn Xuân Thu_K55CLC;Phân lớp các loại đất từ ảnh Land sat 8 sử dụng các luật quang phổ và tập mờ_Hoàng Văn Thắng_K55CLC;Phân lớp thực vật trong ảnh Landsat 8 bằng luật quang phổ và tập mờ_Nguyễn Xuân Thu_K55CLC;An application of Xiao's method for mapping paddy rice in Hong River delta using multi-temporal satellite images_Chu Việt Anh_K55CA;Object Segmentation from Optical Imagery for Face Detection_ Nguyễn Văn Hồng_K55CA;Multi-temporal MODIS image processing  for mapping paddy rice_Vũ Thái Linh_K55CA;A People Counting System Based on Face-Detection using Speeded Up Robust Features_Bùi Hữu Lộc_K55CA;Phân lớp công trình xây dựng dựa trên ảnh vệ tinh Landsat 8 sử dụng luật quang phổ và tập mờ_Mẫn Đức Chức_K55CD;Xây dựng hệ thống thông tin nhà trọ (phần xây dựng bản đồ 3D)_Đàm Đức Nguyện_K56CC;Xây dựng hệ thống thông tin cháy rừng_Phạm Văn Dân_K56CLC;Xây dựng hệ thống thông tin nhà trọ (phần server và database)_Phan Văn Thanh_K56CLC;Xây dựng hệ thống thông tin nhà trọ (phần client)_Đỗ Văn Tú_K56CLC;Xây dựng hệ thống thông tin về các điểm nóng tai nạn giao thông toàn quốc (phần server và database)_Phạm Tiến Thành_K56CD;Xây dựng hệ thống thông tin về các điểm nóng tai nạn giao thông toàn quốc  (phần client)_Trần Xuân Trường_K56CD;Xây dựng hệ thống quản lý; hiển thị; lưu trữ và chia sẻ dữ liệu viễn thám (phần user)_Hoàng Dương_K57CB;Xây dựng hệ thống quản lý; hiện thực; chia sẻ và phân tích dữ liệu khí tượng_Ngô Đức Dương_K57CC;Xây dựng mạng xã hội địa điểm cho du lịch (Location based social network for travelling )_Ngô Quang Đại_K57CC;Xây dựng hệ thống quản lý và giám sát tàu thuyển_Nguyễn Văn Đông_K57CD;Xây dựng hệ thống quản lý; hiển thị; lưu trữ và chia sẻ dữ liệu viễn thám (phần quản lý)_Trịnh Xuân Nam_K57CB;Xây dựng hệ thống cơ sở dữ liệu địa chấn (SeiDB)_Đỗ Thị Nga_K57CC;Xây dựng hệ thống cơ sở dữ liệu địa chấn (Sei DB) – Phần client_Phạm Khôi Nguyên;Xây dựng hệ thống cơ sở dữ liệu địa chấn (Sei DB) – Phần server_ Lê Văn Nguyên;Nghiên cứu phương pháp kết hợp dữ liệu sol khí từ ảnh viễn thám đa nguồn_Phan Hồng Thái_K57CD;Xây dựng hệ thống quản lý; giám sát bất thường của tàu thuyền - công trình biển từ ảnh vệ tinh và dữ liệu AIS_Nguyễn Thế Anh_K57T
43|Nguyễn Trí Thành|PGS. TS.|Bộ môn Các Hệ thống Thông tin|"Kiến trúc máy tính;Nguyên lý hệ điều hành;Truy hồi thông tin;Xử lý xong xong;Khai phá dữ liệu;Khai phá dữ liệu Web"|Học máy; Khai phá dữ liệu (text/web; mạng xã hội; quy trình kinh doanh)|Phát hiện bất thường trong dữ liệu time series_Nguyễn Văn Cường_K55CB;Tìm hiểu về Framework ngôn ngữ lập trình độc lập trên mobile_Nguyễn Văn Điềm_K55CB;Tìm hiểu Framework Spring và ứng dụng_Vương Khả Phú_K55CB;Tìm hiểu kho dữ liệu Hive và ứng dụng_Nguyễn Như Toàn_K55CD;Tìm hiểu Google BigQuery và ứng dụng_Nguyễn Văn Việt_K55CD;Tìm hiểu Dropbox API và ứng dụng_Vũ Minh Đức_K56CD;Khai phá mẫu dãy trong khai phá quy trình_Bùi Đình Bách_K56CB;Tìm hiểu google drive và ứng dụng_Nguyễn Tiến Độ_K56CB;Tìm hiểu hệ thống lưu trữ Terrastore và ứng dụng_Đoàn Hữu Phước_K56CB;Tìm hiểu Linux cluster và ứng dụng_Nguyễn Thanh Tùng_K56CB;Ứng dụng mô hình chủ để ẩn trong bài toán xác định mối quan tâm người dùng_Trần Hữu Tuấn_K57CLC;Ứng dụng giải thuật Genetic Expression trong bài toán trừu tượng hóa quy trình kinh doanh (Apply Genetic Expression in business process abstraction)_Nguyễn Duy Kiên_K57CA;Giải pháp sao lưu và bảo mật SMS thiết bị thông minh sử dụng dịch vụ cloud_Khuất Thái Hoàng_K57CD;Tìm hiểu công cụ tích hợp dữ liệu Oracle Data Integration và ứng dụng_Đỗ Trung Long_K57CC;Xây dựng ứng dụng quản lý dịch vụ sửa chữa xe ô tô trên thiết bị di động_Đàm Văn Minh_K57CB;Tìm hiểu công cụ phân tích BI tableau và ứng dụng_Đỗ Hoài Minh_K57CC
44|Nguyễn Việt Hà|PGS. TS.|Bộ môn Công nghệ Phần mềm||Tác tử phần mềm; Các phương pháp hình thức; Kiến trúc phần mềm|Biểu diễn trực quan các liên kết web_Trương Văn Hưng_K55CLC;Phân tích và trích xuất thông tin từ những trang web có cùng cấu trúc_Đỗ Văn Phong_K55CLC;Phân tích sở thích người dùng cho dữ liệu tin tức_Đỗ Thành Trung_K55CLC;Nghiên cứu cơ chế render WebGL tại phía máy chủ và xây dựng module thử nghiệm_Nguyễn Tiến Trung_K55CLC;A study on static program analysis_Nguyễn Tuấn Anh_K55CA;A study on program complexity estimation and using resource_Tô Ngọc Linh_K55CA;Nghiên cứu xây dựng ứng dụng xử lý văn bản Luật giao thông_Nguyễn Hà Thanh_K56CLC;Time Mapping System_Vũ Danh Việt_K56CLC;Mô phỏng trực quan hóa dữ liệu web_Trần Hữu Trung_K56CB;Ứng dụng của tác tử di động trong kiến trúc client-server_Chu Văn Hiếu_K56CLC;Nghiên cứu về nhận dạng mặt người bằng thiết bị di dộng_Đậu Mạnh Quang_K57CLC;45|Nguyễn Việt Tân|ThS.|Bộ môn Công nghệ Phần mềm|Tin học cơ sở 1;Tin học cơ sở 2|Kỹ nghệ phần mềm; Học máy; Tin sinh học|Hệ thống e- learning theo mô hình SaaS_Nguyễn Hữu Kết_K55CLC;Phát triển hệ thống quản lý đào tạo trường phổ thông theo mô hình SaaS - Dành cho học sinh_Phạm Gia Thành_K55CC;Xây dựng hệ thống đồng bộ và sao lưu dữ liệu trực tuyến_K56CC;Xây dựng hệ thống phần mềm giám sát các thiết bị di động_Lê Hải Linh_K57CAC
46|Nguyễn Văn Nam|TS.|Bộ môn Truyền thông và Mạng máy tính|Các vấn đề hiện đại của Công nghệ thông tin;Tin học cơ sở 2;Mạng máy tính|Big data applications; advanced routing; next generation Internet; Wireless LAN; financial & banking systems|Cân bằng trong mạng không dây wifi_Nguyễn Văn Chính_K55CB;Công nghệ Wifi-Nano_Đặng Tiến Linh_K55CB;Mô hình hóa sự đói trong mạng không dây_Nguyễn Thiên Nam_K55CB;Tối ưu tỉ lệ phân bố cho năng lượng cho mạng cảm biến không dây_Nguyễn Duy Thức_K55CC;Detecting Community  Structure in Dynamic Social Networks_Hoàng Đức Tùng_K55CC;Điều khiên truy cập của thiết bị mobile trong Wifi_Nguyễn Văn Lâm_K55CD;Áp dụng kỹ thuật DNS Shinkhole trong việc theo dõi và phát hiện mạng botnet_Đào Xuân Tuân_K55CD;Ứng dụng tìm kiếm cửa hàng dựa trên dữ liệu thu thập tự động trên Internet_Lương Thanh Dũng_K57CB;Cá biệt hóa web dựa trên phân tích dữ liệu nhật ký_Trương Tiến Hưng_K57CC;Xây dựng hệ thống giám sát nhân viên giao hàng dựa trên GPS_Đinh Công Thế_K57CB;Phân tích dữ liệu nhật ký để cá biệt hóa website_Trịnh Hữu Huy_K57CB
47|Nguyễn Văn Sơn|CN.|Bộ môn Công nghệ Phần mềm|Tin học cơ sở 2|"Lựa chọn trong dịch vụ WEB;Đàm phán trong dịch vụ WEB"|
48|Nguyễn Văn Vinh|TS.|Bộ môn Khoa học Máy tính|Lập trình nâng cao;Tin học cơ sở 4;Trí tuệ nhân tạo nâng cao|Dịch máy; học máy; xử lý ngôn ngữ tự nhiên; xử lý và phân tích dữ liệu lớn|Data Collecting Software System for Parabolic Flight Contest_Nguyễn Mạnh Cường_K55CA;Cloud detection and removal for statellite image reconstruction_Vũ Tiến Tùng_K55CA;Xây dựng mô hình ngôn ngữ dựa vào mạng Noron_Nguyễn Khánh Thiện_K55CB;Tối ưu bằng cụm từ dựa vào suffix array_Vũ Văn Quyết_K55CB;Mahout và ứng dụng cho hệ thống khuyến nghị người dùng_Trương Đức Hiến_K56CC;Nghiên cứu mô hình dịch phân cấp_Vũ Hữu Vĩ_K56CC;Xây dựng chương trình nhận dạng tiếng nói với số lượng từ vựng hạn chế_Lương Hồng Thảo_K56CB;Nghiên cứu về gióng hàng từ trang văn bản song ngữ_Hoàng Văn Đông_K56CC;Recurrent Neural Network for opinion expression extraction_Nguyễn Đức Thịnh_K57CA;Xây dựng hệ thống chấm điểm bài viết tự động cho môn tiếng Anh_Trần Thanh Tùng_K57T;Sử dụng mạng Neuron cho nhận dạng tên riêng_Nguyễn Tân Cương_K57CD;Nghiên cứu về đồ thị tri thức_Nguyễn Hữu Nhân;Nghiên cứu về trích chọn keyword trong tìm kiếm văn bản_Hoàng Đức Tài_K57CC
49|Nguyễn Đình Việt|PGS. TS.|Phòng Thí nghiệm Hệ thống Nhúng|Kiến trúc máy tính;Mạng và truyền dữ liệu nâng cao;Đánh giá hiệu năng mạng|Mạng cảm biến không dây; Mạng MANET; Đảm bảo chất lượng dịch vụ cho truyền thông đa phương tiện; Đánh giá hiệu suất mạng máy tính bằng mô phỏng|Video streaming protocols_Nguyễn Anh Tuấn_K55CA;Giao thức Mac cho WLAN_Nguyễn Thị Xuyến_K55CC;Mạng Sensor Network : Đánh giá giao thức LEACH và các cải tiến_Phạm Văn Hoàng_K55CD;Remote installing of program for an embedded system_ Đặng Minh Công_K56CA
50|Nguyễn Đại Thọ|TS.|Phòng Thí nghiệm An toàn thông tin|An ninh mạng;An toàn và an ninh mạng;Các mạng không dây và di động;Chủ đề lựa chọn về an ninh mạng||Thiết kế mẫu trong khung phát triển ứng dụng Web Symfony2_Vũ Văn Quang_K55CC;Định tuyến và điều khiển trong khung phát triển ứng dụng Web Symfony2_Hoàng Kim Băng_K55CC;Định vị trong mạng cảm biến không dây_Nguyễn Khắc Hoàng Hà_K55CLC;Phát triển hệ thống Quản lý văn bản theo chuẩn mới_Nguyễn Xuân Hải_K55CLC;Phát triển hệ thống Quản lý văn bản theo chuẩn mới/Chữ kí số_Nguyễn Khắc Nam_K55CLC;Phát triển hệ thống quản lý đào tạo trường phổ thông theo mô hình SaaS - Dành cho giáo viên_Phạm Ngọc Sơn_K55CLC;Phát hiện xâm nhập trong mạng Internet của mọi vật_Nguyễn Thế Khánh_K56CLC;Mô hình hóa và phân tích cơ chế lan truyền qua email của các phần mềm độc hại_Mai Thị Phượng_K56CLC;Tấn công từ chối dịch vụ vào các thiết bị di động thông minh và các biện pháp phòng chống_Lê Thành Đạt_K56CB;Phát hiện và phòng chống các botnet hoạt động theo cơ chế ngang hàng_Vũ Trung Triệu_K56CB;Ngăn chặn phát tán các Worm trên mạng internet sử dụng cấu trúc bảng băm phân tán_Nguyễn Văn Dũng_K56CLC;A novel payload - based one -class classifier for anomaly detection_Nguyễn Xuân Nam_K57CA;Nghiên cứu và phát triển thử nghiệm một chương trình tự động phân tích và phát hiện các lỗi an ninh web_Nguyễn Bảo Khoa_K57CD;Bảo vệ tính riêng tư trong các điện thoại di động thông minh bằng phương pháp phân loại_Nguyễn Văn Minh_K57CD;Nghiên cứu xây dựng môi trường cho các cuộc thi CTF_Lý Quý Nhân_K57CD
51|Nguyễn Đức Anh|CN.|Bộ môn Công nghệ Phần mềm|Tin học cơ sở|Kiểm thử đơn vị; Phân tích sự thay đổi SAT/SMT Solver|
52|Ngô Lê Minh|ThS.|Bộ môn Truyền thông và Mạng máy tính||Vehicle adhoc network (VANET); reliable multicast protocol|Thực hành về mạng CDN_Vũ Ngọc Thức_K55CD;Lập trình game trên thiết bị di động sử dụng j2me_Nguyễn Khắc Phong_K55CD;Ứng dụng Google Map xây dựng bản đồ chỉ dẫn bãi đỗ xe ôtô_Lê Thị Trang_K56CB
53|Ngô Thị Duyên|ThS.|Phòng thí nghiệm Tương tác Người – Máy|Tin học cơ sở 4|Đồ họa máy tính; Nhận dạng giọng nói|Tìm hiểu và xây dựng thuật toán phát hiện mặt người_Phan Thị Thu_K57CC;Tìm hiểu và phát triển thuật toán AR marker sử dụng ARToolkit_Bùi Xuân Hiền_K57CLC
54|Phan Xuân Hiếu|TS.|Bộ môn Các Hệ thống Thông tin|Khai phá dữ liệu;Dự án;Nguyên lý hệ điều hành|Học máy; Khai phá dữ liệu; Xử lý ngôn ngữ tự nhiên; Thông minh kinh doanh|Mô hình chủ đề trích xuất thực thể y sinh_Trần Thắng Bình_K55CLC;Phương pháp trích xuất thực thể y sinh phức_Trần Văn Hiến_K55CLC;Phương pháp trích xuất thực thể y sinh phức_Ngô Mạnh Quyền_K55CLC;Mô hình chủ đề trích xuất thực thể y sinh_Chu Thị Phương Thảo_K55CLC;Phương pháp trích xuất thực thể y sinh phức_Doãn Thị Huyền Trang_K55CLC;Xác định mối quan tâm của người dùng mạng xã hội dựa trên phương pháp nhận dạng ý định của câu_Hoàng Thị Vân Anh_K56CLC;Trích chọn các thuộc tính của sản phẩm và dịch vụ từ các thông điệp rao vặt trực tuyến_Phạm Minh Tuấn_K56CLC;Phân lớp loại câu trong hệ thống giám sát sự kiện_Bùi Trung Anh_K56CB;Một phương pháp chuẩn hóa văn bản tiếng Việt từ viết thường sang viết hoa_Lê Hữu Anh_K56CB;Phân loại tin rao vặt theo nhu cầu_ Đậu Đình Nghĩa_K56CB;Phân tích hành vi người dùng và cá nhân hóa trong hệ thống thông tin y tế cho người Việt (User behavior analysis and personalization in a Vietnamese Medical Information System)_Vũ Việt Anh_K57CLC;Xác định ý định trong câu lệnh ngôn ngữ nói và ứng dụng trong tương tác với điện thoại thông minh_Vương Thị Hải Yến_K57CLC;Nghiên cứu và phát triển dịch vụ hỏi đáp về chương trình truyền hình và phim ảnh bằng giọng nói trên di động_Nguyễn Văn Hợp_K57CLC;Trích chọn thông tin sản phẩm và dịch vụ từ Internet với AQL và ứng dụng trong tìm kiếm thông minh_Dương Quang Vũ_K57CLC;Automatic tagging onlineVietnamese news articles and its application_Phí Thị Thu_K57CA;Developing a Lightweight Mobile Virtual Assistant for Vietnamese: Design and Implementation_Trương Quốc Tuấn_K57CA;Gợi ý triệu chứng và xếp hạng bệnh trong hệ thống hỗ trợ chuẩn đoán dành cho người Việt (Symptom suggestion and condition ranking in a medical diagnosis support system for vietnamese)_Nguyễn Văn Giáp_K57CA;Vietnamese Sentence Generation using a Recurrent Neural Network Language Model_Nguyễn Văn Khánh_K57CA
55|Phùng Văn Ổn|TS.|Bộ môn Khoa học và Kỹ thuật tính toán||An toàn thông tin trong giao dịch điện tử|
56|Phạm Bảo Sơn|PGS. TS.|Phòng thí nghiệm Tương tác Người – Máy|Cấu trúc dữ liệu và giải thuật;Tin học cơ sở 4|Trí tuệ nhân tạo; Thu thập tri thức và xử lý ngôn ngữ tự nhiên; Giám sát truyền thông xã hội trực tuyến; Phát hiện sao chép|A study on learning based answer validation for question answering_Nguyễn Đình Niên_K55CA;Question classification and answer summarization on online resources_Trần Hùng Quân_K55CA;A study on sequence learning for extracting Question Answer Pairs in Vietnamese forums_Nguyễn Khánh Thịnh_K55CA;A new approach to questions and answers detection in online forum_Đỗ Đức Kiên_K55CA;Nhận diện khách sạn đồng nhất sử dụng học máy giám sát_Lê Đình Linh_K57CC;Tự động phát hiện sự tương đồng ngữ nghĩa trong câu văn tiếng việt_Ngô Văn Tân_K57CLC;Finding k-top representative reviews_Lê Viết Quản Trọng_K57CA;Plagiarism detection system using writing style_Nguyễn Tùng Lâm_K57CA;Multi-aspects summazition_Lê Đỗ Tân_K57CA
57|Phạm Cẩm Ngọc|ThS.|Bộ môn Các Hệ thống Thông tin||Tính toán hiệu năng cao; Xử lý song song|
58|Phạm Duy Phúc|KS.|Bộ môn Các Hệ thống Thông tin|"Cơ sở dữ liệu;Hệ quản trị cơ sở dữ liệu;Tin học cơ sở"|An toàn hệ thống thông tin; Phòng/chống tấn công; Phát hiện lỗ hổng hệ thống|
59|Phạm Hải Đăng|CN.|Bộ môn Các Hệ thống Thông tin|Cơ sở dữ liệu;Hệ quản trị cơ sở dữ liệu|"Quản lý dữ liệu lớn;Tích hợp hệ thống"|
60|Phạm Hồng Thái|TS.|Bộ môn Khoa học Máy tính|Tin học cơ sở 1;Tin học cơ sở 4;Toán học rời rạc;Thiết kế và đánh giá thuật toán|Hệ thống thời gian thực; an toàn thông tin|Xây dựng công cụ soạn thảo Tree Bank Tiếng Việt dựa trên nền Web_Hoàng Vũ Nam_K55CB
61|Phạm Ngọc Hùng|PGS. TS.|Bộ môn Công nghệ Phần mềm|Công nghệ phần mềm;Quản lý dự án phần mềm;Kiểm thử và đảm bảo chất lượng phần mềm;Quản lý dự án phần mềm;Các chủ đề lựa chọn về công nghệ phần mềm|Các phương pháp hình thức; Đặc tả và kiểm chứng; Tiến hóa phần mềm; Phân tích chương trình; Kiểm thử tự động|Phát triển ứng dụng quản lý điểm trên nền web_Phạm Văn Doanh_K55CLC;Dịch vụ web hỗ trợ kiểm tra chế độ dinh dưỡng cho cộng đồng_Vũ Việt Dũng_K55CLC;Công cụ kiểm thử luồng dữ liệu cho các chương trình C/C++_Nguyễn Thành Nhân_K55CLC;Xây dựng công cụ kiểm thử tự động giao diện ứng dụng Web và áp dụng tại công ty Mitani_Lê Khánh Trình_K55CLC;Tìm hiểu và đánh giá các cơ chế bất đồng bộ cho ứng dụng web_ Hoàng Trọng Lộc_K56CLC;Lập lịch tự động trong Java với Quartz framework_ Nguyễn Văn Sơn_K56CLC;Xây dựng công cụ kiểm thử tự động cho các chương trình C_ Nguyễn Đức Anh_K56CLC;Xây dựng hệ thống quản lý cán bộ Đoàn cho TW đoàn TNCS Hồ Chí Minh_ Nguyễn Đức Hai_K56CLC;Phương pháp chuyển đổi đặc tả BPEL- sang LTS cho các dịch vụ web_ Nguyễn Sỹ Hiếu_K56CLC;Xây dựng ứng dụng Web hỗ trợ quản lý cán bộ Đoàn toàn quốc_ Đỗ Hồng Giang_K56CB;Xây dựng công cụ kiểm thử dòng điều khiển tự động các đơn vị chương trình Java_Dương Tuấn Anh_K57CLC;Phương pháp và công cụ hỗ trợ phân tích sự ảnh hưởng của các thay đổi mã nguồn trong các dự án phần mềm sử dụng công nghệ Java_Nguyễn Công Hưng_K57CLC;Xây dựng công cụ hỗ trợ kiểm thử tích hợp cho các chương trình C++_Sầm Đức Vũ_K57CLC
62|Phạm Thị Kim Dung|ThS.|Bộ môn Công nghệ Phần mềm||Kỹ nghệ dòng sản phẩm phần mềm; Các phương pháp hình thức|Tìm hiểu công nghệ HTML5 ứng dụng trên thiết bị di động_Hoàng Thị Hoa_K55CB;Tìm hiểu CMS ứng dụng trong thương mại điện tử_Đinh Thị Thúy_K55CB
63|tientn|PGS. TS.|Phòng Thí nghiệm An toàn thông tin|Cơ sở dữ liệu;Nhập môn an toàn thông tin;Mật mã và an toàn dữ liệu;An ninh hệ thống thông tin|An toàn thông tin|
64|Trương Anh Hoàng|PGS. TS.|Bộ môn Công nghệ Phần mềm|Công nghệ phần mềm;Kiểm thử và đảm bảo chất lượng phần mềm;Công nghệ phần mềm nâng cao;Kiến trúc phần mềm|"Phân tích chương trình;Kiểm thử phần mềm;Tính toán đám may;Các hệ thống kiểu"|Kiểm thử tự động các ứng dụng trên nền tảng HTML5 và javascript_Vũ Đức Thành_K55CLC;Tool for checking plugability between interfaces and environment_Đỗ Quốc Anh_K55CA;Study and Deploy FDX in Vietnam_Nguyễn Quang Huy_K55CA;Tools for checking consistency and pluggability of component interface and environment_Đặng Văn Linh_K55CA;Nghiên cứu phát triển ứng dụng trên nền di động cho trường nhà_Phạm Đức Bình_K55CB;Nghiên cứu xây dựng ứng dụng trên di động cho phần mềm quản lý trường học_Lương Văn Linh_K55CB;Z3-Reg: AZ3 - Based Regular Expression Soloer_Trần Đức Mười_K56CA;Robot activity and artifical intelligence simulator_ Hứa Viết Ngọc_K56CA;A tool for transition invariant checking_Nguyễn Thanh Toàn_K56CA;Nghiên cứu SEMAT và thử nghiệm; đánh giá công cụ EssWork trong hỗ trợ phát triển phần mềm_Lê Văn Quân_K56CLC;Nghiên cứu và ứng dụng công cụ kiểm thử trên nền điện toán đám mây_Nguyễn Thị Hồng Nhung_K56CB;Tìm hiểu và ứng dụng kiến trúc microservices trong phát triển phần mềm_Nguyễn Thái Học_K57CLC;Building interative ebook application using Inoic_Hoàng Hà_K57CA;An integration of S3 string solver into Z3 SMT solver's core_Lê Văn Khoa_K57CA;Building report module for elementary school management system_Trần Ngọc Linh_K57CA;Building client app for teachers and parents using Ionic_Nguyễn Thị Thuỷ_K57CA;Developing software system for elementary school management_Trần Văn Tuấn_K57CA;Developing a Training Management System for Framgia_Ngô Văn Thiện_K57CA;Automated Visual Testing with Applitools_Vũ Thị Trang_K57CA;Xây dựng công cụ chạy ca kiểm thử chức năng cho ứng dụng web từ đặc tả trên file excel_Nguyễn Thị Thuỳ Dung_K57CB;Thiết kế và xây dựng dịch vụ web cho hệ thống quản lý trường học - Trường Nhà_Nguyễn Hồng Sơn_K57CAC;Xây dựng hệ thống chấm điểm bài viết tự động cho môn tiếng Anh_Trần Thanh Tùng_K57T
65|Trương Ninh Thuận|PGS. TS.|Bộ môn Công nghệ Phần mềm|Phân tích và thiết kế hướng đối tượng;Các vấn đề hiện đại của Công nghệ thông tin;Phân tích thiết kế hệ thống nâng cao;Các phương pháp hình thức cho phát triển phần mềm;Phương pháp nghiên cứu và kỹ năng viết báo cáo khoa học|Mô hình hóa và kiểm chứng phần mềm; Phân tích chương trình; An ninh phần mềm|Consistency  in model evolution through design potterns_Nguyễn Hoàng Anh_K55CLCCA;Mô hình hóa thuật toán bằng Event B_Ngô Thị Hoài_K55CLC;Sử dụng giao thức thời gian thực trong truyền camara từ thiết bị di động lên website_Phan Quang Phú_K55CB;Sử dụng công nghệ Streaming trong truyền camera từ thiết bị di động lên Webstie_Trần Văn Quý_K55CB;Kiểm chứng phần mềm hướng sự kiện_Nguyễn Thế Anh_K55CC;Developing a tool to verify triggers in DBMS_ Đặng Minh Dũng_K56CA;An approach to compare the models proper ties in evolution using design pattern_ Phạm Trần Hương Giang_K56CA;Xây dựng hệ thống mô phỏng quá trình nổ mìn khai thác đá_ Nguyễn Tuấn Nam_K56CLC;Nghiên cứu về kiểm thử dựa trên mô hình_ Lại Thanh Long_K56CB;Xây dựng phần mềm hỗ trợ đo đạc và thu thập thông tin đất đai trên Windowphone_ Nguyễn Đức Thọ_K56CD;Kiểm chứng quyền truy cập trong mô hình hướng đối tượng_Bùi Thành Trung_K57CLC;Sàn giao dịch đồ vật cũ_Nguyễn Hải Đăng_K57CB;Phát triển công cụ kiểm chứng mô hình khi sử dụng mẫu thiết kế_Lê Tuấn Anh_K57CAC;Xây dựng hệ thống thương mại điện tử hướng dịch vụ_Nguyễn Trung Đức_K57CB;Xây dựng hệ thống tìm kiếm thông tin trên WebGiS_Vũ Như Hùng_K57CD
66|Trần Mai Vũ|ThS.|Bộ môn Các Hệ thống Thông tin|Cơ sở dữ liệu;Hệ quản trị cơ sở dữ liệu|Khai phá dữ liệu (text/web); Xử lý ngôn ngữ tự nhiên; Xử lý ngôn ngữ tự nhiên cho y sinh|Mô hình chủ đề trích xuất thực thể y sinh_Trần Thắng Bình_K55CLC;Phương pháp trích xuất thực thể y sinh phức_Trần Văn Hiến_K55CLC;Phương pháp trích xuất thực thể y sinh phức_Ngô Mạnh Quyền_K55CLC;Mô hình chủ đề trích xuất thực thể y sinh_Chu Thị Phương Thảo_K55CLC;Phương pháp trích xuất thực thể y sinh phức_Doãn Thị Huyền Trang_K55CLC;Phân tích quan điểm với tiến hóa đánh giá trực tuyến trên phương tiện xã hội_Nguyễn Thành Đạt_K56;Xác định mối quan tâm của người dùng mạng xã hội dựa trên phương pháp nhận dạng ý định của câu_Hoàng Thị Vân Anh_K56CLC;Phân lớp loại câu trong hệ thống giám sát sự kiện_Bùi Trung Anh_K56CB;Một phương pháp chuẩn hóa văn bản tiếng Việt từ viết thường sang viết hoa_Lê Hữu Anh_K56CB;Phân loại tin rao vặt theo nhu cầu_ Đậu Đình Nghĩa_K56CB;Nhận dạng tài khoản spam trên mạng xã hội dựa trên đặc trưng cộng đồng và phân loại nội dung_Vương Thị Hồng_K57CLC;Một số kỹ thuật tư vấn xã hội hướng địa điểm và ứng dụng_Đỗ Thành Long_K57CLC;Phân loại khách hàng sử dụng phân tích thông tin từ mạng xã hội_Nguyễn Minh Đức_K57T;Khai phá khía cạnh tổ chức từ nhật ký sự kiện dựa trên trích xuất luật tài nguyên_Nguyễn Huy Hoàng_K57CC
67|Trần Quốc Long|TS.|Bộ môn Khoa học Máy tính|Cấu trúc dữ liệu và giải thuật;Tin học cơ sở 4;Dự án;Lập trình nâng cao|Học máy|Xây dựng trang web môi giới nhà cho thuê_Nguyễn Quang Duy_K57CB;Tìm hiểu về học sâu ứng dụng trong bài toán xử lý âm thanh_Nguyễn Chí Hoàng_K57CB;Tìm hiểu phương pháp học sâu ứng dụng trong xử lý văn bản_Vũ Thanh Nam_K57CC;Tìm hiểu phương pháp học sâu ứng dụng trong xử lý ảnh_Ngô Thái Phong_K57CLC;A computer vision approach to trademark identification_Lê Anh Vũ_K57CA
68|Trần Thị Minh Châu|TS.|Bộ môn Khoa học Máy tính|"Lập trình hướng đối tượng;Cấu trúc dữ liệu và giải thuật;Dự án;Công nghệ phần mềm"|Phân tích và thiết kế hệ thống|Using Entity System Framework in Game Development_Đồng Xuân Thuỷ_K55CA;Tự động hóa kiểm thử ứng dụng di động trong môi trường tích hợp liên tục_Dương Hữu Hiếu_K55CB;Tối ưu hóa hiệu năng cho ứng dụng Android_Lò May Thy_K55CB;Định tuyến dịch vụ trong hệ thống hướng thành phần_Nguyễn Ngọc Thoại_K55CLC;Xây dựng hệ thống hướng thành phần với OSGi_Đỗ Văn Toàn_K55CLC;Xây dựng Google App cho quản lý lớp học_Michal Plachý_K56CD;Tìm hiểu xây dựng ứng dụng đa nền tảng cho thiết bị di động_Phạm Văn Giang_K56CD;Lập trình game cho iphone với thư viện Unity_Lê Trung Nghĩa;Hệ thống chia sẻ sách nói trên Android_Phạm Văn Hoà_K57CLC;Hệ thống quản lý dự án trong Trường Đại học_Cấn Văn Nghị_K57CLC;Hệ thống hỗ trợ thu và chấm bài tập_Mai Văn Hiến_K57CB;Xây dựng hệ thống hỗ trợ phục vụ bàn trên thiết bị di động_Hoàng Đình Hưng_K57CC
69|Trần Trúc Mai|TS.|Bộ môn Truyền thông và Mạng máy tính|Các vấn đề hiện đại của Công nghệ thông tin;Mạng máy tính;Mạng và truyền dữ liệu nâng cao|Wireless communication; e-commerce; big data; cloud computing; powerline communication|Phát triển hệ thống LMS theo mô hình SaaS_Hà Đức Trung_K55CLC;Phát triển hệ thống LCMS theo mô hình SaaS_Nguyễn Thị Loan_K55CLC;Phát triển hệ thống đăng nhập phần mềm thương mại điện tử Magento bằng Social login_Nông Văn Hoàng_K55CC;Phát triển Facebook extension cho hệ thống thương mại điện tử magento_ Nguyễn Hữu Quý_K55CC;Nghiên cứu vaà triển khai bài toán đồng bộ session cho các ứng dụng web dùng PHP_Nguyễn Văn Thiệu_K55CC;Tìm hiểu khả năng tích hợp cơ chế cache redis vào magento_Nguyễn Văn Bình_K56CD;Tích hợp HHVM vào magento_Đỗ Mạnh Đạt_K56CD;Thực hiện cơ chế cache atom header cho dịch vụ truyền video trên nền tảng hệ thống nhúng_Nguyễn Tiến Thành_K56CLC;P2P - SIP & Push - to - talk over IP_Lý Văn Trưởng_K56CB;Thiết kế và xây dựng hệ thống quản lý giao thông thông minh sử dụng với hệ thống cơ sở dữ liệu NoSQL_Mẫn Việt Dũng_K56CC;Ứng dụng sử dụng Map Reduce Framework cho việc xử lý song song cho các dữ liệu đa chiều_Phạm Ngọc Huy_K56CC;Tìm hiểu Elastic search và tích hợp vào Magento cài đạt trên Amazon AWS loud_Nguyễn Lương Bắc_K56CD;Xây dựng tính năng đồng bộ giữa phần mềm POS Unicenta và Website thương mại điện tử Magento_Phan Bá Mỹ_K57CLC;Xây dựng tính năng Warmup Caching cho extension Full Page Caching Magento_Nguyễn Huy Hưng_K57CLC;Tối ưu hóa Varnish caching cho phần mềm thương mại điện tử Magento_Văn Hữu Linh_K57CLC;Xây dựng ứng dụng hỗ trợ cho người ăn kiêng trên nền web sử dụng phần mềm Wordpress_Lê Khánh Chi_K57CB;Xây dựng mobile app cho trang web wordpress_Đào Hải Long_K57CD
70|Trịnh Nhật Tiến|PGS. TS.|Phòng Thí nghiệm An toàn thông tin|||Hàm băm an toàn hiện tại và hướng phát triển trong tương lai_Nguyễn Thượng Minh_K55T;Xác thực thông điệp ứng dụng hàm băm_Hoàng Chính Nghĩa_K55T;Hệ mã hóa và ứng dụng_Trương Thành Công_K56
71|Tô Văn Khánh|TS.|Bộ môn Công nghệ Phần mềm|Phân tích và thiết kế hướng đối tượng;Phương pháp hình thức;Các phương pháp hình thức cho phát triển phần mềm|"SMT/SAT solver;Các phương pháp hình thức"|SMT giải các đa thức với số nguyên_Tô Kim Mạnh_K55CB;Kiểm chứng chương trình dựa trên thực thi tượng trưng_Nguyễn Văn Minh_K55CB;Hệ thống quản lý trung tâm tư vấn du học_Phạm Anh Đạt_K55CD;Bài toán SAT và ứng dụng_Trần Đăng Khuê_K55CD;Các kỹ thuật cho bài toán SAT_Nguyễn Đình Minh_K55CD;Test generation based on Symbolic execution_Nguyễn Khắc Quân_K56CA;Cải tiến phương pháp SAT encoding cho trò chơi logic Hitori_Vũ Đình Thắng_K56CLC;Phương pháp SAT Encoding và ứng dụng trong một số trò chơi logic_Đào Thị Thuý_K56CLC;Một phương pháp Sat Encoding mới cho trò chơi logic_Trần Trọng Tiệp_K56CLC;Phát triển game đa nền tảng cocos2dx_Lê Sỹ Tú_K56CB;Xây dựng và triển khai ứng dụng trên nền tảng Bluemix_Vũ Hồng Dương_K56CC;Xây dựng mạng xã hội trong trường học_Võ Huy Hoàng_K57CLC;Kết hợp mẫu tìm kiếm và phương pháp SAT Encoding giải trò chơi Hitori_Đỗ Văn Duy_K57CC;Xây dựng ứng dụng mạng xã hội ẩn danh_Nguyễn Văn Đô_K57CB;Bảo vệ các dữ liệu cá nhân của các thiết bị di động cầm tay bằng công nghệ sinh trắc học và các thuật toán mã hóa_Nguyễn Văn Kim_K57CB;Nghiên cứu và xây dựng phần mềm chỉ dẫn giao thông đường bộ trên thiết bị di động_Ngô Anh Long_K57CC;Hệ thống phần mềm quản trị Trường Đại học Công nghệ - ĐHQGHN_Nguyễn Thị Thảo_K57CB
72|Võ Đình Hiếu|TS; GV|Bộ môn Công nghệ Phần mềm|Kiến trúc hướng dịch vụ; Lập trình hướng đối tượng|"Kiến trúc phần mềm;Kiến trúc hướng dịch vụ;Phân tích chương trình"|Ứng dụng IBM Worklight trong phát triển mạng xã hội_Phan Duy Toàn_K55CLC;De-cloaking và ứng dụng trong web 2.0 crawling_Bùi Đức Tài_K55CLC;So sánh các kĩ thuật hiện thực dịch vụ web_Nguyễn Văn Thành_K55CLCEnterprise mobility management_ Nguyễn Văn Đại_K56CA;Developing android application stores for enterpries_ Ngô Đình Nguyên_K56CA;Sercurity in Enterprise mobility Management_ Nguyễn Trường Thịnh_K56CA;Tìm hiểu và đánh giá các cơ chế bất đồng bộ cho ứng dụng web_ Hoàng Trọng Lộc_K56CLC;Xây dựng hệ thống quản lý luận văn và Khóa luận_ Ngô Văn Nhân_K56CLC;Lập lịch tự động trong Java với Quartz framework_ Nguyễn Văn Sơn_K56CLC;Enterprise mobility management_Nguyễn Văn Đại_K56CA;Tìm hiểu các kỹ thuật nén trang Web_Nguyễn Quỳnh Mai_K57CLC;Tìm hiểu về nhận dạng nốt nhạc viết tay_Nguyễn Thu Trang_K57CLC;Performance tuning for SolrCloud_Phan Duy Thành_K57CA;Xây dựng hệ thống đăng ký thực tập chuyên ngành dựa trên khung Laravel_Nguyễn Tấn Tài_K57CB;73|Vũ Bá Duy|ThS.|Bộ môn Các Hệ thống Thông tin|Cơ sở dữ liệu;Cơ sở dữ liệu phân tán;Lập trình hướng đối tượng|Cơ sở dữ liệu|Nghiên cứu phát triển modul học máy hỗ trợ xác định lưu lượng giao thông tại Hà Nội_Nguyễn Văn Cường_K55CC;Nghiên cứu giải pháp xác định lưu lượng giao thông qua hình ảnh camera_Phạm Trọng Tri_K55CLC;Nghiên cứu và xây dựng hệ thống xác định mật độ và lưu lượng giao thông tại một số tuyến phố Hà Nội_Nguyễn Văn Quảng_K57CLC;Nghiên cứu và xây dựng hệ thống xác định mật độ và lưu lượng giao thông tại một số tuyến phố Hà Nội_Trần Hoài Nam_K57CLC;Đồng bộ dữ liệu bằng giải pháp Goldengate_Đỗ Mạnh Hùng_K57CB
74|Vũ Diệu Hương|TS.|Bộ môn Công nghệ Phần mềm|Công nghệ phần mềm; Kiểm thử và đảm bảo chất lượng phần mềm|Áp dụng các phương pháp hình thức trong kiểm chứng thiết kế phần mềm; Kiểm thử tự động|Study and Deploy FDX in Vietnam_Nguyễn Quang Huy_K55CA;Nghiên cứu SEMAT và thử nghiệm; đánh giá công cụ EssWork trong hỗ trợ phát triển phần mềm_Lê Văn Quân_K56CLC;Nghiên cứu và ứng dụng công cụ kiểm thử trên nền điện toán đám mây_Nguyễn Thị Hồng Nhung_K56CB;Nghiên cứu SEMAT và thử nghiệm; đánh giá công cụ EssWork trong hỗ trợ phát triển phần mềm_Lê Văn Quân_K56CLC;Nghiên cứu và ứng dụng công cụ kiểm thử trên nền điện toán đám mây_Nguyễn Thị Hồng Nhung_K56CB;Xây dựng công cụ sinh test cases từ đặc tả hình thức_Chu Hải Đăng_K57CB;Hệ thống hỗ trợ điều hành dịch vụ công nghệ thông tin_Đỗ Thị Hà_K57CD;Hệ thống kiểm soát hình ảnh_Nguyễn Thành Luân_K57CD;Tìm hiểu và cải tiến phương pháp biên soạn ảnh dựa trên gradient_Ninh Đức Tuấn_K57CD
75|Vũ Huy Hiển|ThS.|Bộ môn Khoa học Máy tính||Xử lý ngôn ngữ tự nhiên|
76|Vũ Quang Dũng|ThS.|Phòng Thí nghiệm Hệ thống Nhúng|"Thiết kế hướng người dùng ;Lập trình nhúng và thời gian thực"|"THiết kế CSDL nhúng thời gian thực;Lập trình robot (LEGO);Lập trình hệ thống nhúng đa nhiệm thời gian thực;Thiết kế và thực thi với hệ điều hành nhúng Linux trên các nền tảng chip khác nhau;Đồ họa nhúng dựa trên thư viện OpenGL\ES;Mô phỏng video codec cho các hệ thống nhúng."|Tìm hiểu công nghệ HTML5 ứng dụng trên thiết bị di động_Hoàng Thị Hoa_K55CB;Tìm hiểu CMS ứng dụng trong thương mại điện tử_Đinh Thị Thúy_K55CB;Tìm hiểu về công nghệ HTML5 ứng dụng trong thống kê dữ liệu_Nguyễn Thị Ánh_K55CD;Phân tích sở thích người dùng cho dữ liệu tin tức_Đỗ Thành Trung_K55CLC;Nghiên cứu cơ chế render WebGL tại phía máy chủ và xây dựng module thử nghiệm_Nguyễn Tiến Trung_K55CLC;Nghiên cứu; ứng dụng Mobile Agent vào proxy server_Chu Văn Minh_K55CLC;Mô phỏng trực quan hóa dữ liệu web_Trần Hữu Trung_K56CB;Hiển thị dữ liệu trên bản đồ_Lê Thị Hoài_K56CD;Ứng dụng của tác tử di động trong kiến trúc client-server_Chu Văn Hiếu_K56CLC;Cấu trúc hiển thị trong thực tại ảo trên công nghệ X3DOM_Hoàng Thị Linh_K56CC;Áp dụng công nghệ thực tại ảo trên web browser_Sầm Thị Mỹ Linh_K56CD;Mạng xã hội du lịch dựa trên vị trí; địa điểm_Khuất Thanh Sơn_K57CB;Tìm hiểu và xây dựng thuật toán phát hiện mặt người_Phan Thị Thu_K57CC;Tìm hiểu và phát triển thuật toán AR marker sử dụng ARToolkit_Bùi Xuân Hiền_K57CLC;Xây dựng chương trình thực tại ảo trên Android_Lê Vũ Huy_K57CLC;Hệ thống quản lý người học Online_Vũ Thị Ngọc_K57CLC
77|Vũ Thái Dương|CN.|Bộ môn Truyền thông và Mạng máy tính|||
78|Vũ Thị Hồng Nhạn|TS.|Phòng thí nghiệm Tương tác Người – Máy|"Tin học cơ sở 4;Các vấn đề hiện đại của Khoa học máy tính;Tương tác người – máy"|Khai phá dữ liệu không gian - thời gian; Các hệ thống cung cấp dịch vụ cung cấp thông tin dựa trên vị trí; Cơ sở dữ liệu không gian & Hệ thống thông tin địa lý|Registration methods for VnRedSat-1 Images_Nguyễn Thạc Dư_K55CA;Spatial data Infrastructure for LCDM (Landsat-8) Images: Client side_Nguyễn Phú Hiệu_K55CA;Fusion methods for VNRedSat-1 images_Nguyễn Văn Hoàng_K55CA;Parallel techniques for Satellite Image Processing_Trương Huy Hoàng_K55CA;Examine the operation of smartphone's motion sensor in microgravity environment_Thái Công Khanh_K55CA;Spatial data Infrastructure for LDCM (Landsat-8) Images: Server side_ Vũ Xuân Lai_K55CA;Developing a location - based information dissermination system with the support of data mining techichque_Nguyễn Hoàng Hào_K57CA;Discovery of user similarity in historical GPS trajectories for recommender systems_Phạm Xuân Phú_K57CA
79|Vũ Tiến Thành|ThS.|Bộ môn Các Hệ thống Thông tin||Cá nhân hóa tìm kiếm; Trích xuất thông tin; Khai phá quan điểm|
80|Đoàn Minh Phương|ThS.|Bộ môn Truyền thông và Mạng máy tính|"Tin học cơ sở 2;Tin học cơ sở 4;Khóa luận tốt nghiệp;Mạng máy tính;Phát triển ứng dụng Web"|Quản trị HTTT Tích hợp và Các vấn đề liên quan đến An toàn An ninh Thông tin Hệ thống|Phát triển game online trên Java_Hồ Hữu Bính_K55CLC;Phát triển game online trên Mac_Nguyễn Văn Cương_K55CLC;Phát triển game online trên Windows_Bùi Ánh Quyết_K55CLC;Lập trình Game online trên nền MacOS_Nguyễn Tiến Đạt_K55CC;Lập trình Game online trên nền Android_Trần Minh Diện_K55CC;Cài đặt và cấu hình SMTP Proxy bằng gmail_Phạm Tất Đạt_K56CC;Xây dựng tính năng Warmup Caching cho extension Full Page Caching Magento_Nguyễn Huy Hưng_K57CLC;Tối ưu hóa Varnish caching cho phần mềm thương mại điện tử Magento_Văn Hữu Linh_K57CLC
81|Đào Minh Thư|ThS.|Bộ môn Truyền thông và Mạng máy tính|"Tin học cơ sở 1;Mạng máy tính;Tin học cơ sở;Tin học cơ sở 2"|Mạng máy tính; Xử lý ảnh; Đồ họa máy tính|Tìm hiểu NoSQL; áp dụng xử lý một số bài toán có dữ liệu lớn_Vũ Thái Dương_K55CLC;Xây dựng giải pháp tổng đài hiệu quả cho doanh nghiệp vừa và nhỏ_Nguyễn Văn Hiệp_K55CLC;Mô hình hóa sự đói trong mạng không dây_Nguyễn Thiên Nam_K55CB;Tối ưu tỉ lệ phân bố cho năng lượng cho mạng cảm biến không dây_Nguyễn Duy Thức_K55CC;Detecting Community  Structure in Dynamic Social Networks_Hoàng Đức Tùng_K55CC;Cải thiện cơ chế MULTIHOMING  của giao thức SCTP trong mạng MANET_Nguyễn Ngọc Khánh_K55CC;Xây dựng ứng dụng VOIP miến phí tận dụng hạ tầng mạng sẵn có trong doanh nghiệp_Đặng Thế Ninh_K55CD;Ứng Dụng công nghệ cảm biến để xây dựng hệ thống cảnh báo tắc đường_Đỗ Văn Phú_K55CD;Truyền dữ liệu multicast tin cậy trong mạng không dây_Nguyễn Đình Phi_K56CLC;Xây dựng web tổng hợp video cho người dùng_Phí Bá Chiến_K56CB;Làm trang web bán hàng trực tuyến bằng Java_ Hà Văn Phi_K56CC;Xây dựng ứng dụng hoc Toán  cho trẻ em tiểu học trên nền Android_Trần Thị Huê_K56CD;Điều khiển tốc độ tương thích cho TFRC trong mạng Ad-hoc_Trương Văn Trang_K57CLC;Xây dựng hệ thống chợ điện tử Multi store_Đỗ Tuấn Anh_K57CLC;Ứng dụng công nghệ Hybrid Mobile vào phát triển hệ thống sàn dịch vụ chăm sóc sắc đẹp_Đặng Văn Đoàn_K57CLC;Cải tiến tính năng điều khiển tắc nghẽn của giao thức SCTP trong mạng Ad-hoc_Lê Nguyễn Minh Quân_K57CLC;Xây dựng website hỗ trợ sinh viên tìm kiến việc làm_Trần Tiến Quân_K57CLC;Cải tiến giao thức SCTP multihoming trong mạng Ad-hoc_Phạm Văn Trường_K57CB
82|Đặng Cao Cường|TS.|Bộ môn Khoa học và Kỹ thuật tính toán||Tin sinh học|Xây dựng ứng dụng bán hàng trực tuyến trên nền Android_Nguyễn Tuấn Anh_K56CD;Tìm hiểu một số kỹ thuật định dạng lại trang web tạp chí cho ứng dụng di động_Trần Đức Bình_K56CB;Viết ứng dụng dự báo thời thiết với dữ liệu của Trung tâm khí tượng thủy văn Việt Nam_Nguyễn Đình Lộc_K56CB;Đánh giá một số kỹ thuật xử lý nội dung trong web tạp chí cho ứng dụng di động_Trần Minh Thanh_K56CD;Phát triển ứng dụng Android cho tạp chí nước ngoài_Hồ Tuấn Anh_K56CD;Xây dựng ứng dụng cho tạp chí Iron man Magazine_Phạm Văn Đạt_K56CD;Xây dựng ứng dụng game trên nền tảng android_Liên Ngọc Linh_CD
83|Đặng Minh Công|CN.|Phòng Thí nghiệm Hệ thống Nhúng||"Giảm nhiễu trong việc cải thiện chất lượng tiếng nói bằng việc trừ đặc biệt dùng bộ lọc Kalman vô hướng;Cài đặt kỹ thuật tổng hợp dữ liệu trên một hệ thống mạng cảm biến không dây."|
84|Đặng Thanh Hải|TS.|Bộ môn Khoa học và Kỹ thuật tính toán|"Tin học cơ sở 2;Xác suất thống kê;Toán học rời rạc;Xác suất thống kê ứng dụng"|Khai phá dữ liệu; Tin sinh học và Dữ liệu lớn|Công nghệ Wifi-Nano_Đặng Tiến Linh_K55CB;Điều khiên truy cập của thiết bị mobile trong Wifi_Nguyễn Văn Lâm_K55CD;Khai phá quan điểm so sánh_Hoàng Huy Hoàng_K55CB;Phương pháp phát hiện khía cạnh trong khai phá quan điểm_Phạm Ngọc Xuyên_K55CB;Phát hiện thực thể trong bài toán tạo liên kết thực thể_Mai Văn Đức_K56CLC;Dự đoán các biến đổi protein sau tổng hợp sử dụng các kỹ thuật khai phá dữ liệu_Phạm Quốc Hưng_K56CB;Dự đoán các vị trí nucleotit tương tác với protein điều khiển phiên mã sử dụng kỹ thuật khai phá dữ liệu_Đặng Thị Ngọc_K56CB;Nghiên cứu thuật toán định tuyến trên mạng dựa trên phương pháp tối ưu đàn kiến (ACO)_Đào Thành Đạt_K56CLC
85|Đặng Văn Hưng|TS.|Bộ môn Công nghệ Phần mềm|Các phương pháp hình thức cho phát triển phần mềm;Kiểm thử và đảm bảo chất lượng phần mềm;Đặc tả và kiểm chứng phầnmềm|Các phương pháp hình thức; Các hệ thống thời gian thực; Phần mềm dựa trên thành phần|Tool for checking plugability between interfaces and environment_Đỗ Quốc Anh_K55CA;Tools for checking consistency and pluggability of component interface and environment_Đặng Văn Linh_K55CA;Các kỹ thuật sinh ca kiểm thử từ máy trạng thái hữu hạn và công cụ_Lê Thị Dung_K57CD;Ứng dụng công cụ Selenium trong kiểm thử website_Nguyễn Thị Thu Hà_K57CD;Phát triển ứng dụng android: Hỗ trợ người giao hàng quản lý đơn hàng và tìm đường đi ngắn nhất_Nguyễn Công Huy_K57CD;Một số kỹ thuật sinh ca kiểm thử hiệu quả cho kiểm thử chức năng_Hoàng Thị Mơ_K57CD;Sử dụng kỹ thuật kiểm thử hộp đen trong kiểm duyệt mô hình cho các hệ thời gian thực dựa trên thành phần_Nguyễn Xuân Tình_K57CB
86|Đặng Đức Hạnh|TS.|Bộ môn Công nghệ Phần mềm|Phân tích và thiết kế hướng đối tượng;Thu thập và phân tích yêu cầu|Chuyển đổi mô hình; Ngôn ngữ mô hình hóa; Kiểm chứng và hợp lệ phần mềm; Các phương pháp hình thức|Tìm hiểu và vận dụng công nghệ cơ sở dữ liệu đồ họa Neo4J_Phan Quốc Phương_K56CD;Tìm hiểu và vận dụng kỹ thuật tích hợp Ruby và Neo4J_Lê Hải Quân_K56CD;Tìm hiểu và vận dụng kỹ thuật chuyển mô hình RTL_Dương Kim Ngọc_K56CD;A study on the fUML technology_Lý Phương Anh_K57CA;Building interative ebook application using Inoic_Hoàng Hà_K57CA;An integration of S3 string solver into Z3 SMT solver's core_Lê Văn Khoa_K57CA;Building report module for elementary school management system_Trần Ngọc Linh_K57CA;Tìm hiểu kỹ thuật sinh mã từ mô hình chuyên biệt miền (A study on code generation for domain-specific models)_Lê Văn Luân_K57CA;A study on data synchronization in mobile applications_Phùng Nguyên Ngọc_K57CA;Building client app for teachers and parents using Ionic_Nguyễn Thị Thuỷ_K57CA
87|Trần Bình Giang|ThS.||||Nhận diện khách sạn đồng nhất sử dụng học máy giám sát_Lê Đình Linh_K57CC
88|Nguyễn Nam Hoàng|TS.|Phó chủ nhiệm khoa Điện tử-Viễn thông|||Xây dựng hệ thống MSN (Multi wireless Sensor Network) phục vụ công tác giám sát và quản lý môi trường thành phố Hà Nội (phần chất lượng không khí)_Phan Thị Tâm_K57T;Xây dựng hệ thống MSN (Multi wireless Sensor Network) phục vụ công tác giám sát và quản lý môi trường thành phố Hà Nội (Phần chất lượng không khí)_Nguyễn Thị Minh Chiên_K57T
89|Nguyễn Việt Anh |TS.||||Nghiên cứu Codeigniter framework và ứng dụng quản lý phòng máy tính thực hành_Vương Sỹ Tùng_K55CC;Nghiên cứu Framework Yii và Ứng dụng xây dựng hệ thống quản lí hội viên hội nhạc sĩ Việt Nam_Phạm Văn Cường_K55CD;Nghiên cứu hệ thống CMS Drupal và ứng dụng xây dựng website Hội nhạc sĩ Việt Nam_Phan Văn Nam_K55CD;Phần mềm mã nguồn mở ISPConfig và ứng dụng Quản lý WebServer Trường Đại học Công nghệ_Lâm Văn Toàn_K55CB;Nghiên cứu Zend Framework và ứng dụng xây dựng hệ thống quản lý thiết bị phòng thực hành máy tính_Trần Xuân Duyệ_K55CD;Xây dựng ứng dụng luyện nghe tiếng Anh trên điện thoại di động_Khổng Anh Thắng_K56CB;Nghiên cứu học thích nghi theo ngữ cảnh và ứng dụng trong mobile learning_Trịnh Văn Thử_K56CD;Xây dựng ứng dụng học từ vựng tiếng Anh trên điện thoại di động_Nguyễn Thị Như Quỳnh_K56CLC;Xây dựng ứng dụng học ngữ pháp tiếng Anh trên điện thoại di động_Lê Thị Tho_K56CLC;Nghiên cứu mô hình người học và ứng dụng trong mobile learning_Nguyễn Vinh Tuấn_K56CLC;Xây dựng cổng thông tin các nhà khoa học Việt Nam_Hoàng Văn Quân_K57CLC;Hệ thống quản lí hoạt động thực hiện; bảo vệ luận văn thạc sĩ_Trần Lê Vương_K57CLC;Hệ thống quản lý hoạt động phòng máy tính thực hành_Trần Duy Phương_K57CLC;Dịch vụ cung cấp giấy phép kinh doanh vận tài_Nguyễn Văn Thủy_K57CC;Phát hiện; ngăn chặn trang web lừa đảo đánh cắp thông tin đăng nhập và bảo vệ tài khoản người dùng đã bị đánh cắp_Phạm Thị Ngọc Thúy_K57CD;Hệ thống tra cứu văn bản phục vụ công tác đào tạo_Hoàng Thu Thảo_K57CB;Hệ thống quản lý hội viên hội nhà văn_Chu Quỳnh Trang_K57CC
90|Nguyễn Đức Thiện |ThS.||||Dịch vụ cung cấp giấy phép kinh doanh vận tài_Nguyễn Văn Thủy_K57CC;Phát hiện; ngăn chặn trang web lừa đảo đánh cắp thông tin đăng nhập và bảo vệ tài khoản người dùng đã bị đánh cắp_Phạm Thị Ngọc Thúy_K57CD;Quản lý hoạt động dịch vụ công chứng_Lê Đình Hải_K57CLC;Hệ thống quản lý hoạt động phòng máy tính thực hành_Trần Duy Phương_K57CLC
91|Đỗ Đức Đông|Ts.||||Tìm hiểu và ứng dụng Amazon Web Service (AWS)_Nguyễn Tuấn Anh_K56;Tìm hiểu một số kỹ thuật định dạng lại trang web tạp chí cho ứng dụng di động_Trần Đức Bình_K56CB;Viết ứng dụng dự báo thời thiết với dữ liệu của Trung tâm khí tượng thủy văn Việt Nam_Nguyễn Đình Lộc_K56CB;Đánh giá một số kỹ thuật xử lý nội dung trong web tạp chí cho ứng dụng di động_Trần Minh Thanh_K56CD;Phát triển ứng dụng Android cho tạp chí nước ngoài_Hồ Tuấn Anh_K56CD;Nghiên cứu an toàn và an ninh cho website trong thương mại điện tử_Trần Tuấn Anh_K57
92|Bùi Thế Duy|PGS.TS.||||Phát triển hệ thống xử lý hình ảnh đồ họa cho game 3D_Nguyễn Công Hảo_K55CLC;Quality improvement of reconstructed 3D model from 2D images_ Nguyễn Tuấn Anh_K56CA;Improvement of geometric parameter extraction from 3D point loud based on 2D images_ Trần Minh Luyện_K56CA;Construction and development music treaming accociated real-time synchronization mobile application with high interactivity on multiple platforms_ Bùi Thanh Sơn_K56CA;Performance improvement of triangulization from 3D point cloud_Phan Đăng Thành_K56CA;Extracting geometric information from pointcloud_Nguyễn Hưng Thịnh_K56CA
93|Nguyễn Cảnh Hoàng|ThS.||||Độ dư ngôn ngữ và ứng dụng trong dịch tự động_Phạm Văn Cầu_K55CB;Sinh số ngẫu nhiên và ứng dụng trong mã khối_Ngô Ngọc Huy_K55CB;Xác thực thông điệp và ứng dụng trong hành chính điện tử_Nguyễn Văn Nhạ_K55CB;Nghiên cứu giao thức xác thực kerberos_Phạm Hồng Sơn_K55CB;Mật mã khối và ứng dụng trong giao dịch ngân hàng_Nguyễn Văn Trình_K55CB;Xây dựng PKI và ứng dụng trong hệ thống ngân hàng_Nguyễn Thị Thuỳ Dung_K55CD;Chữ ký số và ứng dụng trong thương mại điện tử_Trần Thị Hoài_K55CD;Chuẩn mã hóa AES và ứng dụng trong hệ thống an toàn thư điện tử_Nguyễn Công Anh_K55CB;Schetulibility qualysis for real time systems with non-pre emptive reglons revisited_ Chu Văn Tạo_K56CA;Kiểm định khả năng lập lịch của hệ thời gian thực có độ trễ cache bị chặn_Nguyễn Minh Hằng_K56CLC
94|Bùi Thị Lan Hương|ThS.||||Phát triển game online trên Java_Hồ Hữu Bính_K55CLC;Phát triển game online trên Windows_Bùi Ánh Quyết_K55CLC;Các phương pháp biến đổi đồ thị phẳng trong kỹ thuật khôi phục của định tuyến dựa trên thông tin vị trí_Nguyễn Khắc Hưng_K55CB;Kỹ thuật khôi phục đi theo biên trong định tuyến dựa trên thông tin vị trí_Hoàng Văn Hưởng_K55CB
95|Trần Trọng Hiếu|TS.||||Xác định ý định trong câu lệnh ngôn ngữ nói và ứng dụng trong tương tác với điện thoại thông minh_Vương Thị Hải Yến_K57CLC;Nghiên cứu và phát triển dịch vụ hỏi đáp về chương trình truyền hình và phim ảnh bằng giọng nói trên di động_Nguyễn Văn Hợp_K57CLC;Trích chọn thông tin sản phẩm và dịch vụ từ Internet với AQL và ứng dụng trong tìm kiếm thông minh_Dương Quang Vũ_K57CLC;Developing a Lightweight Mobile Virtual Assistant for Vietnamese: Design and Implementation_Trương Quốc Tuấn_K57CA;Gợi ý triệu chứng và xếp hạng bệnh trong hệ thống hỗ trợ chuẩn đoán dành cho người Việt (Symptom suggestion and condition ranking in a medical diagnosis support system for vietnamese)_Nguyễn Văn Giáp_K57CA
96|Ngô Mạnh Dũng|ThS.||||Nghiên cứu thử nghiệm và đề xuất giải pháp chuyển đổi IPV4 sang IPv6 trên mạng VNUnet_Hoàng Đình Quyền_K55CB
97|Đỗ Hoàng Kiên|ThS.||||Nghiên cứu Framework Yii và Ứng dụng trong hệ thống quản lý điều hành tác nghiệp của Trung tâm Máy tín_Nguyễn Quốc Thước_K55CB
98|Lương Việt Nguyên|ThS.||||Ứng dụng thủy vân số trong bảo vệ bản quyền print - scan_Phạm Đức Quân_K55CD